last_name, first_name,player_id,year,batting_avg,slg_percent,xba,xslg,woba,xwoba,xobp,xiso,exit_velocity_avg,launch_angle_avg,sweet_spot_percent,barrel_batted_rate,swing_percent,pull_percent,straightaway_percent,opposite_percent,
Cabrera, Miguel,408234,2020,.250,.417,.286,.515,.323,.375,.363,.229,93.2,12.1,36.8,9.7,47.7,37.4,37.4,25.2,
Cruz Jr., Nelson,443558,2020,.303,.595,.266,.540,.411,.380,.366,.273,91.6,9.4,39.4,15,47.6,29.1,43.3,27.6,
Peralta, David,444482,2020,.300,.433,.258,.371,.333,.296,.301,.114,89.2,6.4,29.4,5,46.6,38.1,34.4,27.5,
Longoria, Evan,446334,2020,.254,.425,.280,.522,.308,.363,.327,.241,91.7,10.7,29.9,11.5,45,42,36.3,21.7,
Cabrera, Asdrubal,452678,2020,.242,.447,.242,.427,.319,.316,.306,.185,89.5,13.7,30.5,6.5,46.1,42.9,37,20.1,
Blackmon, Charlie,453568,2020,.303,.448,.276,.429,.340,.332,.339,.153,86.9,13.5,38.5,4.9,50.2,40.1,33.5,26.4,
Solano, Donovan,456781,2020,.326,.463,.276,.415,.357,.318,.318,.139,88.5,15.5,43.4,4.6,51.9,33.6,36.8,29.6,
McCutchen, Andrew,457705,2020,.253,.433,.273,.479,.327,.355,.343,.206,89.7,18.2,36.5,8.2,40.6,41.8,35.9,22.4,
Votto, Joey,458015,2020,.226,.446,.253,.478,.347,.369,.377,.225,87.4,15.4,36.4,9.1,36.2,40.6,35,24.5,
Santana, Carlos,467793,2020,.199,.350,.250,.445,.316,.369,.390,.195,88,12.2,32.3,6.7,36.3,42.7,35.4,22,
Brantley Jr., Michael,488726,2020,.300,.476,.260,.413,.362,.325,.327,.153,88.7,10.2,34.5,4.9,39.9,43,31.7,25.4,
Gurriel, Yuli,493329,2020,.232,.384,.262,.404,.281,.315,.311,.142,89.3,13.9,34.4,3.7,48.8,33.3,38.1,28.6,
Escobar, Eduardo,500871,2020,.212,.335,.261,.394,.257,.305,.316,.132,88.6,18.1,34.8,5.5,51.4,40.2,36,23.8,
Martinez, J.D.,502110,2020,.213,.389,.229,.444,.290,.318,.305,.216,89.5,14.7,39.6,11,51.9,35.1,40.9,24,
Reddick, Josh,502210,2020,.245,.378,.245,.358,.304,.301,.317,.113,85.9,19.1,34.7,4.8,46.5,40.1,39.5,20.4,
Goldschmidt, Paul,502671,2020,.304,.466,.285,.510,.387,.396,.403,.224,89.2,11.7,42.3,10.7,40.6,33.6,34.9,31.5,
Gonzalez, Marwin,503556,2020,.211,.320,.240,.401,.269,.314,.315,.162,89.2,12.6,31.9,5.1,43,42,37.7,20.3,
Altuve, Jose,514888,2020,.219,.344,.229,.347,.278,.286,.295,.118,86.7,9.3,24.8,4.6,50,38.6,36.6,24.8,
Hernandez, Cesar,514917,2020,.283,.408,.273,.396,.335,.330,.346,.123,89.1,5.6,37.3,4,43.6,37.9,35,27.1,
Segura, Jean,516416,2020,.266,.422,.250,.391,.333,.318,.334,.141,87.7,11.2,31.8,6.1,46.8,27,41.9,31.1,
Marte, Starling,516782,2020,.281,.430,.262,.417,.333,.324,.323,.155,87.1,6.5,30.3,6.4,52.7,37.8,37.2,25,
Freeman, Freddie,518692,2020,.341,.640,.338,.657,.456,.462,.459,.319,92.4,17.2,49.2,14.7,48.2,39,29.4,31.6,
Grandal, Yasmani,518735,2020,.230,.422,.207,.403,.338,.327,.334,.196,90.3,15.6,38.1,7.6,34.1,37.1,39,23.8,
LeMahieu, DJ,518934,2020,.364,.590,.308,.453,.429,.361,.371,.145,91.3,2.3,29.7,2.9,44.1,22.3,34.3,43.4,
Rizzo, Anthony,519203,2020,.222,.414,.265,.411,.326,.353,.381,.146,87.7,16.7,34.7,7.8,42.5,43.1,35.3,21.6,
Flores, Wilmer,527038,2020,.268,.515,.249,.434,.347,.312,.297,.185,87.9,19,37.4,6.1,48,45.4,32.5,22.1,
Garcia, Avisail,541645,2020,.238,.326,.244,.375,.296,.317,.339,.131,87.4,8.7,37.1,3.8,54.6,36.4,37.9,25.8,
Ozuna, Marcell,542303,2020,.338,.636,.313,.635,.444,.436,.410,.323,93,16.4,39.1,15.4,46.3,42.6,33.1,24.3,
Villar, Jonathan,542340,2020,.232,.292,.208,.277,.266,.253,.279,.069,86.6,1.6,18.7,1.5,51.6,35.1,38.1,26.9,
Aguilar, Jesus,542583,2020,.277,.457,.271,.452,.347,.345,.348,.182,89.3,16,37.5,7.2,47.3,40.1,30.3,29.6,
Crawford, Brandon,543063,2020,.256,.465,.234,.396,.334,.307,.310,.162,88.7,12.4,35.4,9.4,54.6,46.5,40.2,13.4,
Grossman, Robbie,543257,2020,.241,.482,.239,.397,.351,.326,.342,.158,89,15.2,33.6,5.5,43.4,46.1,33.6,20.3,
Hicks, Aaron,543305,2020,.225,.414,.254,.432,.351,.372,.403,.178,88.2,11.1,29.8,6.9,39.4,51.9,29.8,18.3,
Rendon, Anthony,543685,2020,.286,.497,.286,.467,.395,.388,.418,.181,90.1,19.5,39.2,6.3,40.5,43,34.2,22.8,
Semien, Marcus,543760,2020,.223,.374,.203,.344,.299,.281,.287,.141,86.2,19.3,32.9,5,44.1,39.1,34.8,26.1,
Springer III, George,543807,2020,.265,.540,.291,.563,.379,.402,.382,.272,88.7,18.3,35.3,12.4,47.7,43.8,37.9,18.3,
Vazquez, Christian,543877,2020,.283,.457,.221,.356,.346,.284,.287,.134,88.4,14.4,33.1,4.6,47.6,35.4,35.4,29.2,
Wong, Kolten,543939,2020,.265,.326,.241,.311,.305,.291,.328,.070,86.5,10.8,31.2,0.6,43.9,27.3,40.3,32.5,
Gregorius, Didi,544369,2020,.284,.488,.262,.394,.348,.310,.321,.132,83.8,17.8,35.3,4.2,53.5,42.6,27.4,30,
Grichuk, Randal,545341,2020,.273,.481,.266,.463,.334,.330,.309,.198,88.9,12.6,27.2,11.2,51.7,42,27.2,30.8,
Trout, Mike,545361,2020,.281,.603,.287,.603,.407,.422,.400,.316,93.7,23.1,36.1,15,36.7,34.7,36.7,28.6,
Ruiz, Rio,547004,2020,.222,.427,.211,.354,.303,.276,.276,.143,87.9,10.5,27.7,8.5,52,42.6,29.8,27.7,
Harper, Bryce,547180,2020,.268,.542,.308,.658,.400,.454,.451,.350,92.5,16,33.3,17.3,45.9,38,34.7,27.3,
Abreu, Jose,547989,2020,.317,.617,.299,.587,.411,.399,.357,.288,92.9,10.9,37.4,14.3,48.5,34.1,41.2,24.7,
Suarez, Eugenio,553993,2020,.202,.470,.216,.472,.332,.342,.325,.255,89.1,17.9,29.5,14.4,41.7,51.5,31.1,17.4,
Gonzalez, Erik,570481,2020,.227,.359,.236,.394,.262,.292,.274,.157,88.5,5.5,33.6,6.7,53.4,32.1,38.1,29.9,
Arenado, Nolan,571448,2020,.253,.434,.235,.392,.308,.288,.289,.157,87.8,19.1,27.1,5.4,48.1,39.8,36.1,24.1,
Muncy, Max,571970,2020,.192,.389,.233,.477,.316,.364,.365,.244,88.5,14.2,29,12.4,36.6,43.4,35.9,20.7,
Myers, Wil,571976,2020,.288,.606,.282,.584,.400,.393,.348,.302,91,13.4,40.8,14.8,42.6,36.6,33.8,29.6,
Pollock, AJ,572041,2020,.276,.566,.271,.499,.364,.346,.313,.228,89.6,13,37.9,10.5,47.7,43.1,30.1,26.8,
Seager, Kyle,572122,2020,.241,.433,.252,.472,.338,.365,.371,.220,89.1,17.7,30.7,10.2,40.3,35.8,41.5,22.7,
Voit III, Luke,572228,2020,.277,.610,.279,.584,.393,.388,.340,.305,88.9,15.2,37.5,13.1,52.1,51.2,28.1,20.6,
Walker, Christian,572233,2020,.271,.459,.264,.452,.339,.338,.330,.188,90.4,11.5,34.5,6.4,51.8,40.4,34.5,25.1,
Dickerson, Corey,572816,2020,.258,.402,.253,.400,.308,.308,.306,.147,85.7,11.1,25.8,5.7,53.4,26.4,39.6,34,
Yastrzemski, Mike,573262,2020,.297,.568,.251,.488,.407,.364,.360,.238,88.2,18.4,35,10.9,39.1,40.1,39.4,20.4,
Contreras, Willson,575929,2020,.243,.407,.249,.441,.336,.353,.361,.192,89.8,9.1,35.8,10.4,47.9,37.3,37.3,25.4,
Canha, Mark,592192,2020,.246,.408,.238,.411,.351,.356,.384,.173,89.7,19.4,37.3,7.7,38,39.4,38.7,21.8,
Castellanos, Nick,592206,2020,.225,.486,.273,.542,.329,.374,.341,.270,91,16.5,39.3,16,51.8,34.7,44.7,20.7,
Machado, Manny,592518,2020,.304,.580,.303,.542,.391,.387,.374,.239,90.2,15.6,34.6,11,46.7,44.5,30.4,25.1,
Moran, Colin,592567,2020,.247,.472,.252,.476,.340,.348,.331,.224,91.9,8.3,32.3,13.4,49.9,39.4,37,23.6,
Realmuto, J.T.,592663,2020,.266,.491,.246,.498,.361,.356,.331,.252,90.2,11.6,32.8,13.6,45.3,36,42.4,21.6,
Rosario, Eddie,592696,2020,.257,.476,.244,.435,.333,.316,.305,.191,87.5,18.1,30.3,6.2,51.9,38.8,36.5,24.7,
Yelich, Christian,592885,2020,.205,.430,.248,.468,.343,.375,.391,.220,94,7.1,32.3,12.1,34.6,33.9,37.1,29,
Merrifield, Whit,593160,2020,.282,.440,.292,.439,.329,.336,.334,.146,86.1,15.8,39.8,5.1,49.3,27.8,44.4,27.8,
Bogaerts, Xander,593428,2020,.300,.502,.257,.471,.368,.340,.326,.214,89,8.7,31.3,8.6,43.6,37.4,36.8,25.8,
Alberto, Hanser,593643,2020,.283,.393,.244,.316,.301,.259,.269,.072,82.3,13.2,32.6,1,62.9,35.8,40.4,23.8,
Polanco, Jorge,593871,2020,.258,.354,.263,.381,.289,.304,.308,.118,86.6,16.1,39,2.8,43.7,35.6,32.8,31.6,
Sano, Miguel,593934,2020,.204,.478,.214,.480,.317,.325,.287,.266,95.2,20.2,31.3,22.9,47.3,53.1,30.2,16.7,
Calhoun, Kole,594777,2020,.226,.526,.259,.509,.362,.374,.366,.250,89.4,17,36.1,11.8,46.8,56.3,29.2,14.6,
Duvall, Adam,594807,2020,.237,.532,.227,.514,.348,.341,.293,.286,88.1,22.9,30.7,13.9,49,45.3,29.9,24.8,
Profar, Jurickson,595777,2020,.278,.428,.279,.406,.335,.334,.347,.127,87.2,11,35.5,3.2,47.1,32.9,30.3,36.8,
Baez, Javier,595879,2020,.203,.360,.215,.380,.256,.276,.253,.165,89.4,10.3,24.8,8.1,53.2,40.3,34.9,24.8,
Lindor, Francisco,596019,2020,.258,.415,.278,.439,.324,.345,.354,.162,89.9,13.5,36.5,5.6,48.9,44.2,32.5,23.4,
Story, Trevor,596115,2020,.289,.519,.252,.455,.370,.334,.321,.203,89.9,20.8,40.1,8.7,45.8,32,37.2,30.8,
Kepler, Max,596146,2020,.228,.439,.256,.422,.328,.338,.347,.166,88.5,21.9,30.9,5.1,44.8,42.6,32.4,25,
Franco, Maikel,596748,2020,.278,.457,.254,.394,.329,.304,.302,.140,86.7,8.4,33.3,5.8,49.9,43.4,38.1,18.5,
Bradley Jr., Jackie,598265,2020,.283,.450,.227,.373,.352,.306,.315,.147,88.3,4.4,29.2,7.6,45.3,27.8,44.4,27.8,
La Stella, Tommy,600303,2020,.281,.449,.273,.420,.355,.347,.364,.147,88,17.1,32.1,4.8,38.1,47.1,31,21.9,
Nunez, Renato,600524,2020,.256,.492,.227,.431,.347,.315,.298,.204,86.3,21.1,37.9,12.1,52.1,45.5,31.1,23.5,
Candelario, Jeimer,600869,2020,.297,.503,.276,.469,.373,.354,.350,.193,90.2,13.3,37.5,10.3,45,39.7,42.6,17.6,
Ahmed, Nick,605113,2020,.266,.402,.244,.374,.318,.302,.307,.129,87.7,9.4,30.1,5.2,48.2,49.7,35.9,14.4,
Anderson, Brian,605119,2020,.255,.465,.227,.426,.348,.324,.321,.199,87.4,9.6,34.8,9.6,49.1,43,34.1,23,
Bell, Josh,605137,2020,.226,.364,.228,.381,.286,.297,.308,.153,91.7,5.9,24.3,8.6,45.9,36.4,37.1,26.4,
Betts, Mookie,605141,2020,.292,.562,.281,.481,.390,.359,.356,.200,90.7,18.5,40.1,7.7,40.5,37.4,34.1,28,
Davis, J.D.,605204,2020,.247,.389,.256,.428,.339,.357,.379,.171,90.1,3.3,29.6,8.9,44.9,30.4,43,26.7,
Arcia, Orlando,606115,2020,.260,.416,.279,.425,.317,.336,.337,.147,89,9.6,37.3,5.6,46.8,33.1,43.7,23.2,
Tapia, Raimel,606132,2020,.321,.402,.251,.331,.338,.290,.310,.080,85.3,1.8,28.7,2,51.1,16.7,40.7,42.7,
Hernandez, Teoscar,606192,2020,.289,.579,.294,.611,.384,.399,.344,.317,93.3,15.3,40.6,18,46.4,33.6,43.8,22.7,
Marte, Ketel,606466,2020,.287,.409,.261,.375,.316,.301,.305,.114,89.2,10,28.8,3.7,45,36.2,40.5,23.3,
Nimmo, Brandon,607043,2020,.280,.484,.254,.425,.387,.361,.383,.172,87.2,7.6,30.8,7.7,41.6,33.6,30.8,35.7,
Turner, Trea,607208,2020,.335,.588,.299,.509,.413,.379,.365,.209,90.5,9.5,34.2,9.5,46.9,26.6,41.2,32.2,
Pillar, Kevin,607680,2020,.288,.462,.268,.429,.341,.324,.317,.161,87.1,13.4,34.7,5.4,51.9,34.7,41.9,23.4,
Ramirez, Jose,608070,2020,.292,.607,.263,.505,.415,.372,.361,.242,88.7,23.2,36.7,10.2,41.4,47.5,33.9,18.6,
Gallo, Joey,608336,2020,.181,.378,.191,.416,.297,.315,.309,.225,91.2,26.8,28.9,14,43.6,48.2,28.9,22.8,
Seager, Corey,608369,2020,.307,.585,.326,.647,.394,.428,.376,.321,93.2,11.9,38.4,15.8,55.6,37.9,36.7,25.4,
Mondesi, Adalberto,609275,2020,.256,.416,.214,.353,.305,.266,.254,.140,90.6,13.7,19.9,7.3,54.5,44.4,30.5,25.2,
Reyes, Franmil,614177,2020,.275,.450,.245,.439,.341,.340,.326,.194,92.4,11.2,31.3,12.9,46,32.7,40.1,27.2,
Swanson, Dansby,621020,2020,.274,.464,.266,.472,.348,.352,.340,.206,89.1,14.7,40.7,11.4,47.2,34.7,41.3,24,
Taylor, Chris,621035,2020,.270,.476,.271,.489,.364,.372,.367,.218,88,9.1,35.1,11.5,44.9,31.3,40.5,28.2,
Correa, Carlos,621043,2020,.264,.383,.254,.401,.309,.315,.319,.147,88.6,11.4,26.8,5.9,47.1,49,28.1,22.9,
Olson, Matt,621566,2020,.195,.424,.221,.447,.316,.336,.332,.226,92.3,19.6,30.1,12.8,42.7,44.4,36.1,19.5,
Reyes, Victor,622682,2020,.277,.391,.286,.428,.307,.328,.323,.142,90,10.7,39.5,3.8,54.2,33.8,35,31.2,
Alonso, Pete,624413,2020,.231,.490,.222,.459,.342,.330,.319,.237,90.2,15.5,30.4,12.8,46.1,41.2,33.1,25.7,
Biggio, Cavan,624415,2020,.250,.432,.214,.343,.355,.315,.345,.129,87.4,16.7,31.4,5,36.3,47.2,32.1,20.8,
Conforto, Michael,624424,2020,.322,.515,.285,.482,.401,.377,.380,.197,88.4,11,38.6,11,44.2,27.6,40.7,31.7,
Frazier, Adam,624428,2020,.230,.364,.250,.376,.291,.307,.315,.126,85.5,12.3,34.9,4,46.2,30.9,38.9,30.3,
Cronenworth, Jake,630105,2020,.285,.477,.315,.532,.356,.391,.381,.217,89.8,10.6,37.8,10.5,39.8,30.1,39.9,30.1,
Anderson, Tim,641313,2020,.322,.529,.291,.506,.376,.357,.329,.214,87.2,6.7,33.3,10.1,55.2,29.6,48.4,22,
Bellinger, Cody,641355,2020,.239,.455,.280,.487,.337,.369,.369,.207,89.3,16.6,29.2,9.4,47.6,41.5,38.6,19.9,
Crawford, J.P.,641487,2020,.255,.338,.254,.357,.303,.315,.340,.102,85.8,11.5,34.1,1.8,41.1,34.7,32.9,32.3,
Dozier, Hunter,641531,2020,.228,.392,.233,.383,.326,.329,.349,.149,86.4,17,26.4,8.2,41.9,35.5,36.4,28.2,
Lewis, Kyle,641786,2020,.262,.437,.238,.431,.349,.343,.346,.193,88.3,11.1,37.2,11.7,43.2,27,43.1,29.9,
McMahon, Ryan,641857,2020,.215,.419,.203,.394,.308,.298,.285,.191,90.1,9.2,27.1,11.2,47.3,38.3,31.8,29.9,
Smith, Dominic,642086,2020,.316,.616,.301,.563,.412,.390,.363,.262,89.8,10.8,43,13.3,51.9,42.2,38.5,19.3,
Adames, Willy,642715,2020,.259,.481,.228,.392,.347,.305,.303,.164,88.8,12.5,36.9,9.9,46.2,51.4,28.8,19.8,
Kiner-Falefa, Isiah,643396,2020,.280,.370,.260,.340,.307,.294,.312,.080,87.2,0.8,22.2,2.2,47.4,32.8,39.4,27.8,
McNeil, Jeff,643446,2020,.311,.454,.276,.405,.360,.335,.354,.129,86.6,11.5,37,2.5,57,38.3,35.8,25.9,
Robles, Victor,645302,2020,.220,.315,.205,.280,.273,.262,.284,.075,82.2,19,37.3,1.7,50.3,46.6,37.3,16.1,
Devers, Rafael,646240,2020,.263,.483,.255,.458,.337,.327,.303,.204,93,10.6,33.3,12.1,55,35.8,43,21.2,
Jimenez, Eloy,650391,2020,.296,.559,.282,.544,.373,.368,.321,.261,92.4,5.7,32.9,16.5,54.4,26.6,43.7,29.7,
Schwarber, Kyle,656941,2020,.188,.393,.220,.434,.307,.335,.335,.214,92.8,8.8,28.8,11.2,42.9,44.8,36,19.2,
Verdugo, Alex,657077,2020,.308,.478,.238,.369,.362,.299,.305,.132,87,5.9,31.2,6.4,42.8,33.8,42.7,23.6,
White, Evan,657108,2020,.176,.346,.190,.387,.261,.292,.269,.197,91.7,13.7,27.3,14.1,43.8,40.4,37.4,22.2,
Laureano, Ramon,657656,2020,.213,.366,.230,.403,.315,.338,.353,.173,87.7,12.3,34.4,9.4,40.2,38.3,35.9,25.8,
Moncada, Yoan,660162,2020,.225,.385,.206,.334,.309,.289,.305,.128,87.8,13.9,33.8,6.2,43.1,38.5,35.4,26.2,
Acuna Jr., Ronald,660670,2020,.250,.581,.254,.596,.413,.421,.409,.341,92.4,18.6,34,16,40.5,43,34,23,
Riley, Austin,663586,2020,.239,.415,.258,.463,.307,.334,.318,.206,91,13.6,30.7,10,54.2,41.4,31.4,27.1,
Tucker, Kyle,663656,2020,.268,.512,.265,.454,.349,.331,.322,.189,91.1,14.9,34.1,9.1,50.5,47,34.1,18.9,
Grisham, Trent,663757,2020,.251,.456,.265,.482,.349,.368,.365,.217,88.3,13.5,37.9,11.1,38.3,43.8,33.3,22.9,
Happ, Ian,664023,2020,.258,.505,.258,.464,.369,.359,.362,.206,91.1,9,37.5,10.3,43.5,36.8,39.7,23.5,
Lowe, Brandon,664040,2020,.269,.554,.261,.550,.385,.383,.355,.289,89.8,18.1,37.2,17.5,46.9,40.9,36.5,22.6,
Fletcher, David,664058,2020,.319,.425,.292,.351,.350,.316,.352,.059,84.7,4.1,30.8,0.5,37.2,34.6,35.7,29.7,
Tatis Jr., Fernando,665487,2020,.277,.571,.297,.614,.392,.422,.386,.317,95.9,8.7,32.3,19.5,47,36.6,40.9,22.6,
Guerrero Jr., Vladimir,665489,2020,.262,.462,.260,.437,.338,.331,.327,.177,92.5,4.6,29.5,8.7,47.9,37.7,37.7,24.6,
Soto, Juan,665742,2020,.351,.695,.332,.696,.478,.475,.475,.363,92.1,4.3,33.3,18.3,36.2,26.2,47.6,26.2,
Gurriel Jr., Lourdes,666971,2020,.308,.534,.280,.484,.372,.345,.323,.204,90.8,10.5,39.5,11.7,51.2,38.3,39.5,22.2,
Reynolds, Bryan,668804,2020,.189,.357,.228,.403,.278,.314,.310,.175,87.5,10.2,35.2,10.2,46.8,41.4,35.9,22.7,
Edman, Tommy,669242,2020,.250,.368,.265,.366,.302,.313,.333,.101,86.5,8.2,31,3.8,42.7,35.4,41.1,23.4,
Solak, Nick,669256,2020,.268,.344,.264,.388,.297,.318,.326,.124,89.9,9.4,27.5,4.7,43.8,32.7,38.6,28.7,
Hiura, Keston,669374,2020,.212,.410,.209,.433,.304,.317,.298,.224,87.4,14.3,34.3,14.2,50.1,35.8,40.3,23.9,
Lopez, Nicky,670032,2020,.201,.266,.238,.308,.254,.287,.319,.070,84.9,1.4,30.5,1.5,44.6,32.8,43.5,23.7,
Robert, Luis,673357,2020,.233,.436,.223,.462,.316,.326,.296,.238,87.9,16.7,36.6,13,57.6,32.8,38.2,29,
Martinez, Victor,400121,2018,.251,.353,.266,.405,.281,.313,.314,.140,87.8,14.1,35.1,4.7,49.2,39.5,34.8,25.4,
Mauer, Joe,408045,2018,.282,.379,.288,.437,.319,.346,.357,.149,91.1,4.4,36.9,5,35.3,24.5,42.3,33.2,
Choo, Shin-Soo,425783,2018,.264,.434,.249,.461,.355,.361,.364,.212,89.3,6.1,35.9,11.1,40.9,33.4,40.5,26,
Molina, Yadier,425877,2018,.261,.436,.266,.431,.323,.328,.320,.166,88.2,15.4,37.6,5.5,52.7,45.4,33.8,20.8,
Encarnacion, Edwin,429665,2018,.246,.474,.241,.470,.346,.351,.336,.229,89.9,18,34.1,11.2,44.6,43.7,32.5,23.7,
Jones, Adam,430945,2018,.281,.419,.266,.407,.315,.309,.300,.141,88.4,13.2,35.6,4.9,55.1,34,39.3,26.7,
Kinsler, Ian,435079,2018,.240,.380,.248,.367,.298,.300,.309,.119,85.3,17.7,36.6,3.1,45.5,39.9,37.3,22.8,
Desmond, Ian,435622,2018,.236,.422,.227,.382,.315,.302,.300,.155,90.1,0.1,28.5,7,48.3,24.6,45.4,30,
Cruz Jr., Nelson,443558,2018,.256,.509,.281,.559,.361,.394,.365,.278,93.9,12.8,31.3,13.8,46.5,37.8,39.8,22.5,
Peralta, David,444482,2018,.293,.516,.278,.469,.368,.349,.339,.191,91.5,6.7,32.9,7.8,48,33.8,41.1,25.1,
Escobar, Alcides,444876,2018,.231,.313,.236,.325,.261,.272,.286,.089,84.6,10.6,30.3,2.1,52.4,35.9,38.5,25.5,
Jay, Jon,445055,2018,.268,.347,.248,.329,.301,.290,.313,.081,85.2,4.2,31.8,1.8,49.1,29.1,40,30.9,
Longoria, Evan,446334,2018,.244,.413,.250,.427,.295,.310,.289,.178,88.5,13.6,33.1,7.8,48.6,38.3,35.4,26.3,
Davis, Chris,448801,2018,.168,.296,.187,.352,.239,.271,.262,.165,89.5,15.1,35.5,10.3,45.1,37.6,36.9,25.5,
Zobrist, Ben,450314,2018,.305,.440,.270,.384,.355,.329,.350,.114,89.9,9,35,3,41.1,44.9,35,20.1,
Cabrera, Asdrubal,452678,2018,.262,.458,.249,.432,.332,.320,.305,.182,90,14.6,33.3,7.5,49.1,45.2,34.7,20,
Blackmon, Charlie,453568,2018,.291,.502,.275,.443,.368,.344,.345,.168,87.5,12,34.9,6.5,47.7,38.2,40,21.6,
Markakis, Nick,455976,2018,.297,.440,.292,.423,.345,.344,.365,.131,90.6,10.1,38.4,3.1,40.4,29.5,41.5,29,
Nunez, Eduardo,456488,2018,.265,.388,.257,.348,.292,.280,.286,.091,88.4,9.4,27.2,3.4,53.8,28.4,42.7,28.9,
Cain, Lorenzo,456715,2018,.308,.417,.282,.389,.359,.342,.373,.107,89.1,4.9,30.9,3.4,42.3,28.2,39.6,32.2,
McCutchen, Andrew,457705,2018,.255,.424,.259,.444,.347,.360,.373,.184,90,13.4,36.2,8.4,39.8,42.5,37.1,20.4,
Upton, Justin,457708,2018,.257,.463,.249,.463,.348,.353,.341,.214,90.9,11.9,34.7,14,42.6,41.9,36.9,21.2,
Votto, Joey,458015,2018,.284,.419,.286,.476,.370,.392,.420,.190,88.3,13.4,46.2,6.9,39.7,33.3,36.3,30.4,
Gardner, Brett,458731,2018,.236,.368,.226,.337,.305,.294,.315,.110,88.1,9.4,30.6,3,36.3,31.5,42.1,26.4,
Gordon, Alex,460086,2018,.245,.370,.252,.423,.305,.328,.330,.171,88.5,10.9,36.5,6.8,46.5,39.1,35.9,24.7,
Kemp, Matt,461314,2018,.290,.481,.267,.510,.348,.352,.319,.243,89.8,15.8,42.4,11,50.7,40.7,36.4,22.9,
Santana, Carlos,467793,2018,.229,.414,.242,.411,.333,.343,.365,.169,88.9,15.4,30.1,6.9,41.4,45.3,32,22.7,
Gonzalez, Carlos,471865,2018,.276,.467,.245,.384,.338,.299,.301,.139,89.7,9,30,6.2,50.3,29.7,44.5,25.8,
Alonso, Yonder,475174,2018,.250,.421,.249,.433,.319,.326,.317,.184,87.8,15.7,36.9,9.8,50.4,39.4,38.4,21.9,
Smoak, Justin,475253,2018,.242,.457,.223,.434,.349,.336,.335,.210,89.5,15,36.9,10.8,40.3,44,34.4,21.6,
Lowrie, Jed,476704,2018,.267,.448,.246,.407,.347,.327,.335,.161,89.2,17.4,38,5.3,45.9,41.8,32.3,25.9,
Brantley Jr., Michael,488726,2018,.309,.468,.300,.443,.359,.350,.358,.143,90.2,9.5,38.3,3.5,44.2,38.7,39.3,22.1,
Gurriel, Yuli,493329,2018,.291,.428,.258,.360,.323,.290,.296,.102,89.3,11.5,32.6,1.9,50.3,35.8,42.4,21.6,
Solarte, Yangervis,500208,2018,.226,.378,.254,.397,.284,.306,.303,.143,87.1,14,30.3,5,54.2,34.5,41.5,24,
Rojas, Miguel,500743,2018,.252,.346,.264,.350,.281,.291,.309,.086,84.7,9.3,35.2,0.9,49,30.3,41.8,27.9,
Escobar, Eduardo,500871,2018,.272,.489,.244,.425,.346,.319,.312,.182,86.7,18.9,38.6,8.3,53,37.5,36.2,26.3,
Martinez, Jose,500874,2018,.305,.457,.301,.511,.356,.378,.362,.210,91,8.1,37.5,9.4,43.6,26.2,39.8,34,
Davis, Khris,501981,2018,.247,.549,.245,.561,.365,.373,.327,.316,92.5,18.1,37.7,17.2,49.3,34.8,40.4,24.8,
Pham, Tommy,502054,2018,.275,.464,.287,.503,.359,.380,.377,.216,93,6.6,38.7,10.1,39.8,33.9,44.5,21.6,
Martinez, J.D.,502110,2018,.330,.629,.307,.619,.427,.418,.383,.312,93,10.8,40.2,16.3,50.3,35.8,33,30.9,
Goldschmidt, Paul,502671,2018,.290,.533,.271,.532,.390,.384,.373,.261,90.8,15.7,37.1,13.6,42.4,34.3,38.1,27.6,
Gonzalez, Marwin,503556,2018,.247,.409,.242,.414,.318,.321,.320,.172,89.1,11.3,35.9,7,44.4,40.5,40.5,18.9,
Altuve, Jose,514888,2018,.316,.451,.287,.452,.363,.352,.360,.165,87.2,10.1,34.2,6.1,47.4,33.8,45.3,20.7,
Hernandez, Cesar,514917,2018,.253,.362,.235,.347,.320,.310,.342,.111,86,11.5,30.2,4.4,38.2,35.5,38.3,26.2,
Segura, Jean,516416,2018,.304,.415,.270,.389,.327,.307,.311,.119,87.8,7.8,30,3.6,49,33.4,41.6,25,
Castro, Starlin,516770,2018,.278,.400,.256,.401,.315,.311,.310,.145,88.6,8.4,32,6.9,46,35.4,43.6,21.1,
Marte, Starling,516782,2018,.277,.460,.262,.449,.337,.330,.314,.187,88.5,8.9,31.5,7.5,54.5,37.4,37.7,24.9,
Dietrich, Derek,518618,2018,.265,.421,.237,.380,.326,.302,.305,.144,87.6,15.8,34.1,6.1,50.5,39.6,35.5,24.9,
Freeman, Freddie,518692,2018,.309,.505,.296,.529,.378,.385,.378,.233,89.1,14.5,44.9,9.3,55.6,39,35,26,
Grandal, Yasmani,518735,2018,.241,.466,.219,.432,.352,.333,.331,.213,89,14.1,32.9,11.6,38.5,42.6,38.2,19.1,
LeMahieu, DJ,518934,2018,.276,.428,.275,.417,.322,.324,.322,.142,91.4,5.9,31.3,5.2,41.9,25,46.1,28.7,
Moustakas, Mike,519058,2018,.251,.459,.257,.460,.329,.335,.320,.203,89.5,19.9,31.3,8.8,52.2,39.1,37.6,23.3,
Rizzo, Anthony,519203,2018,.283,.470,.286,.464,.359,.363,.381,.178,90.1,14.7,36,6.7,47.7,41.8,37.8,20.4,
Stanton, Giancarlo,519317,2018,.266,.509,.240,.472,.360,.344,.324,.232,93.8,11.6,30.3,15.4,44.9,35.1,39.9,25,
Galvis, Freddy,520471,2018,.248,.380,.214,.339,.294,.270,.271,.124,88.7,13.7,32.5,4.1,50.3,35.5,40.3,24.2,
Perez, Salvador,521692,2018,.235,.439,.258,.476,.304,.334,.297,.219,91.4,18,35.4,10.8,57,44.2,36.1,19.7,
Inciarte, Ender,542255,2018,.265,.380,.251,.337,.308,.292,.315,.086,84.9,10.9,32.8,1.5,50.3,36.8,38,25.2,
Ozuna, Marcell,542303,2018,.280,.433,.284,.495,.327,.357,.331,.211,91.5,10.8,30.3,9.7,48.5,38,40.1,21.8,
Villar, Jonathan,542340,2018,.260,.384,.221,.348,.312,.285,.290,.127,88.5,3.2,27.2,5.1,48.9,33.2,40.8,26,
Aguilar, Jesus,542583,2018,.274,.539,.253,.486,.374,.355,.338,.234,89.7,16.2,38.4,11.4,45.5,39.3,36.5,24.2,
Crawford, Brandon,543063,2018,.254,.394,.250,.373,.306,.304,.325,.123,87.5,11.3,37.2,3.6,52.1,33.1,34.8,31.9,
Cron, C.J.,543068,2018,.253,.493,.247,.480,.347,.344,.318,.233,88,15.2,34.6,12.2,50.8,43.5,35.7,20.8,
Hicks, Aaron,543305,2018,.248,.467,.259,.460,.360,.368,.378,.202,89.7,13.4,34,8.8,40,38.7,43.5,17.8,
Hosmer, Eric,543333,2018,.253,.398,.236,.367,.309,.298,.308,.132,88.7,-1.5,26.3,5.9,48.5,28.6,40,31.4,
Kipnis, Jason,543401,2018,.230,.389,.232,.386,.308,.312,.318,.154,86.9,17.8,34.4,6.6,43,36.5,38.2,25.4,
Rendon, Anthony,543685,2018,.308,.535,.298,.528,.383,.379,.365,.231,90.6,17.8,39.6,10.1,47.7,36.7,35.8,27.5,
Semien, Marcus,543760,2018,.255,.388,.239,.373,.307,.300,.305,.134,86.8,15.5,34.9,4.5,43.8,42.4,35.5,22.2,
Shaw, Travis,543768,2018,.241,.480,.243,.460,.351,.350,.348,.217,88.9,16.9,31.2,10.3,44.7,44.8,34.3,20.9,
Springer III, George,543807,2018,.265,.434,.253,.456,.340,.345,.336,.204,88.7,9.5,30.1,8.9,44.3,34.1,41.6,24.2,
Strange-Gordon, Dee,543829,2018,.268,.349,.255,.313,.277,.262,.277,.058,83.6,5.8,30.2,0.2,55.1,29.2,41.4,29.2,
Gregorius, Didi,544369,2018,.268,.494,.255,.395,.350,.315,.325,.139,87,16,32.6,4.7,51.7,38,38.2,23.8,
Trout, Mike,545361,2018,.312,.628,.294,.599,.447,.434,.446,.305,91.2,18.6,41.3,16.8,37.6,39,37.9,22.8,
Herrera, Odubel,546318,2018,.255,.420,.226,.350,.315,.281,.284,.124,87.1,13.2,28.8,4.9,52.4,36.7,35.3,27.9,
Harper, Bryce,547180,2018,.249,.496,.261,.514,.376,.389,.403,.254,91,14.5,35.1,11.5,45.7,40.3,32.6,27.2,
Abreu, Jose,547989,2018,.265,.473,.277,.490,.337,.355,.340,.214,91.3,12.2,35.4,9.1,49,35.4,43.2,21.2,
Suarez, Eugenio,553993,2018,.283,.526,.275,.514,.376,.373,.361,.239,91.2,14.8,38.6,9.7,44.7,39.4,38.4,22.3,
Polanco, Gregory,570256,2018,.254,.499,.243,.441,.353,.337,.334,.198,88.9,20.1,33.6,9.4,45.3,42.7,37.3,19.9,
Sanchez, Yolmer,570560,2018,.242,.372,.233,.339,.297,.286,.298,.107,86.7,9.3,35.1,3,47.9,33.8,39.8,26.3,
Arenado, Nolan,571448,2018,.297,.561,.264,.466,.391,.349,.348,.202,89.8,15.3,35.6,7.2,49.8,35.4,41.1,23.4,
Barnhart, Tucker,571466,2018,.248,.372,.238,.350,.307,.300,.320,.112,87.1,12.4,35.7,3.5,45.7,41.1,34.3,24.6,
Gennett, Scooter,571697,2018,.310,.490,.256,.403,.362,.310,.309,.147,87.4,14,37.7,6,53.6,37.5,34.3,27.8,
Hamilton, Billy,571740,2018,.236,.327,.217,.260,.277,.251,.284,.043,80.5,15.3,36.6,0.5,48.6,33.7,34,32.4,
Haniger, Mitch,571745,2018,.285,.493,.276,.495,.367,.369,.361,.219,90.2,12.7,36.5,10.3,41.8,41.1,39.1,19.8,
Piscotty, Stephen,572039,2018,.267,.491,.266,.488,.351,.354,.331,.222,88.5,13.2,34.3,9.6,53.3,35.5,39.1,25.4,
Seager, Kyle,572122,2018,.221,.400,.246,.410,.288,.305,.296,.164,89.8,18.5,37,5.6,47.2,41.9,38.3,19.8,
Carpenter, Matt,572761,2018,.257,.523,.265,.538,.375,.388,.382,.273,90.7,21.6,44.4,13.7,37.5,47.6,30.7,21.7,
Dickerson, Corey,572816,2018,.300,.474,.284,.450,.341,.330,.317,.166,88.1,15.1,37.6,6.1,59.4,31.3,35.5,33.2,
Dozier, Brian,572821,2018,.215,.391,.200,.335,.304,.282,.293,.135,86.8,17.5,30.5,6.3,39.8,45.5,38,16.6,
Contreras, Willson,575929,2018,.249,.390,.214,.352,.321,.297,.310,.138,88.2,8,28.9,7.3,49.7,37.5,35.6,26.9,
Castellanos, Nick,592206,2018,.298,.500,.296,.525,.363,.374,.353,.229,89.6,15.2,45.3,11.2,55.1,41.7,33.9,24.4,
Healy, Ryon,592387,2018,.235,.412,.257,.438,.296,.320,.299,.180,89.6,12.3,32.2,7.1,47.5,37.7,41.4,20.9,
Machado, Manny,592518,2018,.297,.538,.287,.515,.377,.372,.360,.227,91.6,14.4,33.8,11.3,48.9,34.7,39.8,25.3,
Realmuto, J.T.,592663,2018,.277,.484,.270,.471,.353,.350,.336,.201,89.1,14.5,39.8,9,47.1,42.4,36.3,21.2,
Rosario, Eddie,592696,2018,.288,.479,.236,.415,.340,.295,.275,.179,87.7,17.8,32.8,8.3,58,40.6,36.5,22.9,
Simmons, Andrelton,592743,2018,.292,.417,.273,.385,.326,.314,.322,.112,88.2,7.8,28.3,4.1,45.6,45,38.8,16.3,
Yelich, Christian,592885,2018,.326,.598,.316,.566,.422,.414,.396,.250,92.6,5,36.7,12.9,44.3,31.3,44.2,24.5,
Merrifield, Whit,593160,2018,.304,.438,.280,.428,.349,.342,.349,.149,87.1,16.9,41.1,4.8,47.9,31.9,36.7,31.4,
Bogaerts, Xander,593428,2018,.288,.522,.277,.492,.374,.362,.352,.215,90.6,12.6,32.9,9.8,43.2,38.4,40.8,20.9,
Calhoun, Kole,594777,2018,.208,.369,.247,.445,.283,.331,.319,.198,90.7,12.1,34.3,9.3,49.2,41.2,35.4,23.4,
Profar, Jurickson,595777,2018,.254,.458,.250,.391,.341,.322,.333,.141,87.4,12.4,33.6,5,48.6,37.7,35,27,
Baez, Javier,595879,2018,.290,.554,.262,.494,.366,.338,.301,.232,90.6,9.7,33.1,12.6,57.9,37.8,35.6,26.6,
Lindor, Francisco,596019,2018,.277,.519,.286,.509,.368,.372,.361,.223,90.6,14.8,34.3,9.5,47.1,36.6,35.5,27.7,
Odor, Rougned,596059,2018,.253,.424,.234,.397,.325,.309,.309,.164,90.7,13.9,30.5,7.1,48.5,41.8,39.8,18.4,
Story, Trevor,596115,2018,.291,.567,.265,.509,.384,.356,.325,.245,91,15.9,38.5,12.7,50.3,40.3,36.6,23,
Kepler, Max,596146,2018,.224,.408,.230,.398,.316,.320,.326,.169,89.5,16.3,30.1,6.6,42.7,41.9,33.7,24.4,
Bradley Jr., Jackie,598265,2018,.234,.403,.260,.462,.310,.346,.337,.202,92.2,12.3,35.2,10.3,47.3,39,40.8,20.2,
Candelario, Jeimer,600869,2018,.224,.393,.206,.350,.311,.292,.302,.143,87.1,15.3,32,6,42.6,43.2,34.1,22.7,
Ahmed, Nick,605113,2018,.234,.411,.238,.367,.300,.289,.293,.129,86.9,11.9,36.3,5.1,50.4,35.1,39.2,25.7,
Anderson, Brian,605119,2018,.273,.400,.260,.406,.333,.333,.346,.146,90.2,8.7,29.2,5.8,46.3,35,39.3,25.7,
Bell, Josh,605137,2018,.261,.411,.255,.414,.336,.338,.352,.159,90.2,9.4,29.6,7,43,32.6,39.1,28.4,
Betts, Mookie,605141,2018,.346,.640,.307,.602,.449,.429,.409,.294,92.2,18.5,39.4,14.1,35.6,43.3,39.6,17.1,
Smith, Mallex,605480,2018,.296,.406,.251,.334,.339,.298,.327,.083,85.8,3.7,32.2,1.5,49.6,24,45.3,30.7,
Hernandez, Teoscar,606192,2018,.239,.468,.234,.498,.328,.341,.299,.263,91.8,17,34.8,15.5,49.5,36.7,38.6,24.7,
Peraza, Jose,606299,2018,.288,.416,.267,.375,.319,.299,.308,.108,85.8,15,38.2,2.5,49.9,32.5,38.8,28.8,
Marte, Ketel,606466,2018,.260,.437,.256,.395,.330,.320,.329,.139,88.9,5.8,28.8,5.2,45.9,36,40.1,23.9,
Nimmo, Brandon,607043,2018,.263,.483,.241,.400,.385,.353,.385,.159,90,10.5,33.4,6.8,39.4,42.7,34.8,22.5,
Turner, Trea,607208,2018,.271,.416,.268,.408,.331,.330,.341,.140,89.1,9.3,28.8,5.8,44,37.8,39.9,22.3,
Pillar, Kevin,607680,2018,.252,.426,.280,.431,.302,.321,.310,.151,87.3,16.8,39.3,5.7,54,38.8,35.5,25.7,
Ramirez, Jose,608070,2018,.270,.552,.256,.460,.391,.359,.375,.205,89,19,34.3,8.3,38.6,47.8,33.9,18.3,
Bregman, Alex,608324,2018,.286,.532,.270,.466,.396,.371,.382,.196,89.4,16.8,37.9,7.6,37.1,46.5,34.2,19.1,
Gallo, Joey,608336,2018,.206,.498,.233,.548,.343,.373,.335,.316,94.4,21.9,37.9,22.9,48.6,43.7,33.4,22.9,
Mazara, Nomar,608577,2018,.258,.436,.258,.441,.324,.332,.320,.183,90.5,5.3,28.2,8.5,46.1,33.2,41.2,25.5,
Andujar, Miguel,609280,2018,.297,.527,.273,.431,.361,.320,.307,.158,89.1,12.5,34.4,6.3,53.1,42.7,34.4,22.9,
Swanson, Dansby,621020,2018,.238,.395,.230,.361,.293,.281,.298,.130,88,14.1,32.1,4.1,50.1,38.9,35.3,25.8,
Taylor, Chris,621035,2018,.254,.444,.234,.398,.335,.315,.316,.164,88.9,16.4,39.5,8.3,47.6,36.7,34.5,28.7,
Wendle, Joey,621563,2018,.300,.435,.260,.367,.338,.303,.322,.107,88.8,10.7,31.8,2.7,46.7,32,39.5,28.5,
Olson, Matt,621566,2018,.247,.453,.252,.501,.340,.360,.340,.249,93.3,18.1,35.3,12.6,44.4,42.7,33.7,23.6,
Duffy, Matt,622110,2018,.294,.366,.269,.351,.323,.310,.339,.082,86.8,4.8,33.7,1.2,46.5,24.7,42.1,33.2,
Margot, Manuel,622534,2018,.245,.384,.248,.363,.288,.290,.298,.115,89.4,11.5,34,3.3,46.6,34,42.8,23.2,
Camargo, Johan,622666,2018,.272,.457,.236,.372,.346,.307,.320,.136,88.1,12.6,31.2,5,49.5,37,37.3,25.6,
Conforto, Michael,624424,2018,.243,.448,.240,.424,.342,.338,.349,.183,88,12.5,36.1,9.5,43.2,40.2,33.5,26.3,
Anderson, Tim,641313,2018,.240,.406,.225,.361,.294,.275,.268,.136,85.9,10.8,33.3,4.7,54.1,38.8,35.2,26,
Bellinger, Cody,641355,2018,.260,.470,.235,.428,.345,.324,.322,.193,89.8,16.2,32.3,8.6,45.1,43.3,33.3,23.5,
Mancini III, Trey,641820,2018,.242,.416,.251,.433,.308,.327,.310,.182,89.9,5.4,27.9,11.8,49.5,31.6,41.7,26.5,
Rosario, Amed,642708,2018,.256,.381,.248,.357,.290,.282,.288,.109,87.7,7.8,32,3.9,54.3,29.7,44.7,25.6,
Benintendi, Andrew,643217,2018,.290,.465,.282,.450,.357,.354,.360,.168,88.6,12.7,37.6,6.4,46,35.5,36.1,28.4,
Albies, Ozzie,645277,2018,.261,.452,.249,.400,.324,.303,.294,.152,86.9,16.1,34,4.7,56.8,38.9,37,24.1,
Chapman, Matt,656305,2018,.278,.508,.256,.430,.369,.337,.336,.175,93.1,14.9,30.5,8.9,41.5,38.5,36.7,24.8,
Hoskins, Rhys,656555,2018,.246,.496,.229,.449,.364,.346,.342,.221,89,22.6,35.8,11.4,39.2,47,33.7,19.4,
Schwarber, Kyle,656941,2018,.238,.467,.240,.463,.343,.345,.358,.223,90.7,12.5,33.7,12.7,41.7,41.6,36.1,22.3,
Moncada, Yoan,660162,2018,.235,.400,.211,.380,.311,.296,.293,.169,91,15.4,36.4,9.6,41.2,39.5,35.1,25.5,
Beltran, Carlos,136860,2017,.231,.383,.229,.368,.283,.283,.284,.139,87.3,13.4,29.4,4.6,47.9,41.8,36.9,20.8,
Pujols, Albert,405395,2017,.241,.386,.260,.439,.286,.314,.304,.179,88.7,13.4,31.7,5.4,47.1,37.7,43.3,19,
Mauer, Joe,408045,2017,.305,.417,.308,.468,.349,.368,.386,.161,90.6,6.2,35.7,4.5,36.6,20.7,40.9,38.4,
Cabrera, Miguel,408234,2017,.249,.399,.279,.515,.313,.367,.356,.237,91.1,12.4,41.4,10.5,50.3,27.6,39.5,32.9,
Phillips, Brandon,408252,2017,.285,.416,.268,.375,.316,.296,.304,.107,84.6,8.2,31.1,2.4,56.3,28.3,37.8,33.9,
Reyes, Jose,408314,2017,.246,.413,.241,.348,.312,.291,.311,.107,84.3,15.8,32.8,2.6,45.2,38.6,38.4,23,
Choo, Shin-Soo,425783,2017,.261,.423,.269,.475,.339,.366,.367,.206,88.7,7.9,36.1,8.6,42.1,39.7,37.3,23,
Molina, Yadier,425877,2017,.273,.439,.269,.455,.316,.326,.312,.186,87.9,14.5,35.2,5.9,52.7,38.2,37.8,23.6,
Cano, Robinson,429664,2017,.280,.453,.294,.484,.334,.354,.351,.191,90.3,7.4,33.7,6.3,52,33.1,42.7,23.9,
Encarnacion, Edwin,429665,2017,.258,.504,.266,.528,.373,.388,.386,.262,89.2,16.8,36.4,10.3,43,44.1,35.9,20,
Bautista, Jose,430832,2017,.203,.366,.207,.373,.295,.302,.313,.166,88.4,16.7,29.5,6.4,41,35.4,42.2,22.4,
Jones, Adam,430945,2017,.285,.466,.261,.435,.334,.315,.300,.174,86.9,11.9,33.6,6.4,58.4,34.8,36.5,28.7,
Granderson, Curtis,434158,2017,.212,.452,.223,.448,.330,.337,.333,.225,87.7,20.1,33.1,10.9,38.4,44.4,37.1,18.5,
Ramirez, Hanley,434670,2017,.242,.429,.263,.479,.318,.346,.339,.216,88.5,12.6,35.3,9.5,48,35.5,42.9,21.6,
Morales, Kendrys,434778,2017,.250,.445,.270,.509,.320,.353,.326,.239,91.1,9.5,31.1,10,49.6,33.2,39.7,26.6,
Kinsler, Ian,435079,2017,.236,.412,.256,.427,.313,.327,.331,.171,86.3,19.5,37.2,4.9,44.5,36.6,36.1,27.3,
Cruz Jr., Nelson,443558,2017,.288,.549,.287,.590,.385,.402,.377,.304,93.2,12.4,34.5,14.2,47.2,34.5,42.6,22.7,
Trumbo, Mark,444432,2017,.234,.397,.235,.398,.295,.298,.290,.162,89.7,12.6,26.5,7.1,49.6,32.1,44.5,23.4,
Peralta, David,444482,2017,.293,.444,.261,.395,.342,.314,.323,.134,88,4.2,27,4.1,48.6,24.2,46.5,29.3,
Escobar, Alcides,444876,2017,.250,.357,.250,.350,.269,.269,.272,.100,84,14,34.1,2.2,53.9,33.7,38.6,27.8,
Longoria, Evan,446334,2017,.261,.424,.249,.411,.312,.310,.306,.161,86.7,12.7,32.4,5.2,49.8,36,37.6,26.4,
Cozart, Zack,446359,2017,.297,.548,.254,.398,.392,.329,.348,.144,85.8,14.8,35.7,4.4,40.9,45.6,37.6,16.8,
Reynolds, Mark,448602,2017,.267,.487,.223,.419,.357,.318,.314,.196,87.2,11.8,36.5,8.3,44.6,37.9,39.1,22.7,
Davis, Chris,448801,2017,.215,.423,.223,.446,.312,.326,.319,.223,90,15,40.4,12.5,42.9,39.6,36.6,23.4,
Headley, Chase,452104,2017,.273,.406,.248,.384,.329,.314,.331,.136,87.3,11.6,36.6,4.6,44.4,32.5,38.7,28.9,
Pence, Hunter,452254,2017,.260,.385,.254,.422,.303,.317,.312,.168,89,4.2,25.3,5.8,44.8,22,48.4,29.6,
Span, Denard,452655,2017,.272,.427,.279,.404,.325,.324,.336,.125,85.3,11,34.2,3.3,44.1,40.2,35.6,24.2,
Cabrera, Asdrubal,452678,2017,.280,.434,.262,.427,.338,.329,.336,.165,87.2,12,37.6,4.7,47,41.3,36.8,21.6,
Blackmon, Charlie,453568,2017,.331,.601,.288,.514,.415,.369,.362,.226,87.3,13.4,38.1,8.7,46.4,39.6,35.5,24.5,
Frazier, Todd,453943,2017,.213,.428,.229,.443,.335,.349,.358,.214,87.5,20.2,32.2,9.3,40.4,44.1,35.3,20.6,
Markakis, Nick,455976,2017,.275,.384,.267,.379,.321,.317,.347,.112,88.3,8.8,34,3.3,40.7,27,41.6,31.5,
Cain, Lorenzo,456715,2017,.300,.440,.299,.429,.347,.347,.364,.130,89.1,10.2,32.1,3.5,49.3,27.8,44.7,27.6,
McCutchen, Andrew,457705,2017,.279,.486,.280,.477,.360,.360,.365,.197,88.4,14.2,33.7,7.7,44.9,38.9,40.5,20.6,
Upton, Justin,457708,2017,.273,.540,.254,.504,.378,.360,.344,.250,88.8,16.1,36,13.2,44.4,36.5,37.8,25.7,
Turner, Justin,457759,2017,.322,.530,.295,.540,.400,.394,.394,.245,89.4,18.5,37.7,8.6,43.8,34.2,39.6,26.2,
Posey III, Buster,457763,2017,.320,.462,.276,.440,.366,.343,.364,.164,88.7,11.6,36.5,3.5,44.2,34.2,41.3,24.5,
Bruce, Jay,457803,2017,.254,.508,.260,.501,.350,.354,.331,.241,88.4,18.4,39.4,10.5,49.8,43.7,35.3,21,
Votto, Joey,458015,2017,.320,.578,.298,.553,.428,.415,.438,.255,87.5,14.1,40.5,9.1,41.9,33.8,35.7,30.5,
Gardner, Brett,458731,2017,.264,.428,.267,.401,.336,.332,.353,.134,86.4,10.3,34.2,3.8,36.3,31,41.7,27.3,
Joyce, Matt,459964,2017,.243,.473,.249,.470,.343,.351,.344,.220,88.1,14.8,37.2,8.8,42.3,39.1,36.9,24,
Gordon, Alex,460086,2017,.208,.315,.221,.353,.269,.292,.307,.131,86.3,13.8,34.6,4.5,47.4,40.2,37.6,22.2,
Andrus, Elvis,462101,2017,.297,.471,.264,.405,.344,.309,.308,.141,86.5,7.6,32.5,4.2,47.3,36.9,43.5,19.4,
Cabrera, Melky,466320,2017,.285,.423,.296,.425,.319,.330,.336,.129,88.3,8.9,33.6,3.8,46.2,35,39.9,25.1,
Santana, Carlos,467793,2017,.259,.455,.265,.461,.350,.358,.369,.196,88.6,13,28.4,7.5,40,44.1,38.4,17.3,
Gonzalez, Carlos,471865,2017,.262,.423,.234,.364,.327,.302,.318,.130,87.5,6.2,28.9,5.9,50,33.6,47.3,19,
Mercer, Jordy,474568,2017,.255,.406,.252,.370,.308,.297,.324,.118,85.8,9.1,35.3,3.1,41.9,36.8,41.6,21.6,
Alonso, Yonder,475174,2017,.266,.501,.258,.489,.366,.359,.358,.232,89.1,19.2,35.4,9.6,47.1,38.1,36.6,25.2,
Smoak, Justin,475253,2017,.270,.529,.277,.564,.371,.388,.362,.286,89.6,17.1,39.4,13.6,43,34.8,40.6,24.2,
Zimmerman, Ryan,475582,2017,.303,.573,.287,.547,.387,.374,.343,.260,91.4,8.3,32.3,12.2,44.3,30,41.2,28.8,
Lowrie, Jed,476704,2017,.277,.448,.287,.477,.347,.363,.368,.190,88.9,18.6,43.2,6,48.2,36.4,35.3,28.3,
Morrison, Logan,489149,2017,.246,.516,.253,.508,.363,.366,.360,.255,88.6,17.6,39.6,12.8,46,42.6,39.3,18,
Gurriel, Yuli,493329,2017,.299,.486,.285,.432,.344,.324,.321,.146,90.1,10.4,29.2,3.4,48.3,35.3,42.7,22,
Solarte, Yangervis,500208,2017,.255,.416,.240,.373,.311,.293,.303,.133,85.4,14.7,31.8,3.9,51.5,36.4,40.8,22.7,
Freese, David,501896,2017,.263,.371,.257,.393,.326,.339,.367,.136,88.9,3.1,31.2,6.4,43.4,19.4,48.1,32.2,
Davis, Khris,501981,2017,.247,.528,.258,.571,.361,.385,.348,.313,92.3,14.2,37.3,17.7,47.2,30.4,43.1,26.5,
Pham, Tommy,502054,2017,.306,.520,.283,.484,.398,.379,.392,.201,89.6,6.9,34.3,9.3,37.9,26.8,46.7,26.5,
Reddick, Josh,502210,2017,.314,.484,.288,.436,.357,.337,.344,.148,87.7,17.8,38.3,3.8,44.1,34.2,36.1,29.7,
Murphy, Daniel,502517,2017,.322,.543,.300,.491,.385,.359,.365,.191,89.6,17.3,39.6,4.8,47.1,37.8,37,25.2,
Goldschmidt, Paul,502671,2017,.297,.563,.283,.559,.400,.396,.393,.275,91.5,11.6,32.8,13.3,40.9,35.7,40.5,23.9,
Gonzalez, Marwin,503556,2017,.303,.530,.245,.403,.381,.316,.326,.158,88.7,11.7,29.4,6.6,42.4,35.5,39.1,25.2,
Altuve, Jose,514888,2017,.346,.547,.286,.470,.405,.355,.358,.184,86.1,9.7,34.8,6.7,47.8,35.8,38,25.2,
Hernandez, Cesar,514917,2017,.294,.421,.264,.387,.346,.324,.347,.122,85.8,4.6,33.3,2.9,41.1,30.9,42.9,26.2,
Segura, Jean,516416,2017,.300,.427,.270,.402,.334,.314,.323,.131,87.6,6.7,32.8,3.2,49.4,25.8,45.2,28.5,
Freeman, Freddie,518692,2017,.307,.586,.286,.583,.407,.399,.385,.298,89.7,16,40.1,13.3,52.9,34.3,36.6,29.1,
LeMahieu, DJ,518934,2017,.310,.409,.303,.402,.342,.340,.369,.100,89.3,3.3,31.7,1.9,41.7,18,42.5,39.1,
Moreland, Mitch,519048,2017,.246,.443,.269,.529,.326,.368,.349,.259,89.3,11.6,34.9,12,46.4,32.6,42,25.4,
Moustakas, Mike,519058,2017,.272,.521,.267,.489,.345,.336,.312,.223,87.4,18.2,34,8.6,55.7,41.8,36.2,22.1,
Rizzo, Anthony,519203,2017,.273,.507,.284,.519,.380,.393,.403,.235,88.4,15.5,34.2,9.3,46.5,41.8,37.2,20.8,
Souza Jr., Steven,519306,2017,.239,.459,.236,.449,.348,.345,.349,.213,88.8,11.7,33.4,11.5,44.1,43.8,36,20.2,
Stanton, Giancarlo,519317,2017,.281,.631,.274,.588,.410,.398,.371,.314,91.9,11.1,31.6,17.4,42.9,38.7,41,20.4,
Thames, Eric,519346,2017,.247,.518,.227,.454,.370,.342,.342,.226,88.2,12.8,36.3,11.1,43.2,37.3,35.9,26.8,
Galvis, Freddy,520471,2017,.255,.382,.239,.356,.298,.283,.295,.117,86.3,15.2,32.8,2.4,48.9,33.8,34.4,31.8,
Garcia, Avisail,541645,2017,.330,.506,.294,.510,.375,.363,.348,.216,90.3,7.6,31.4,8.8,58.9,34.8,43.4,21.8,
Inciarte, Ender,542255,2017,.304,.409,.258,.342,.328,.285,.308,.084,82.8,10.2,34.3,0.5,53.1,26.3,42.3,31.5,
Ozuna, Marcell,542303,2017,.312,.548,.282,.514,.388,.366,.350,.232,90.8,10.1,31,9.3,49.6,33.1,42.9,24,
Beckham, Tim,542921,2017,.278,.454,.258,.443,.334,.324,.311,.184,88.4,8.5,34.8,9.5,50.6,38.9,38.9,21.2,
Crawford, Brandon,543063,2017,.253,.403,.240,.392,.301,.301,.299,.152,87.5,11.3,34.8,5.8,51.4,34.1,37.4,28.3,
Harrison, Josh,543281,2017,.272,.432,.249,.385,.332,.308,.319,.136,84.9,16.5,38.4,2.7,53,41.1,35.2,23.7,
Hosmer, Eric,543333,2017,.318,.498,.284,.450,.376,.349,.355,.166,89.8,3.9,30.3,7,47.1,26.3,40.1,33.5,
Rendon, Anthony,543685,2017,.301,.533,.272,.474,.394,.366,.380,.202,89.8,18.3,34.7,6.5,40.5,37.5,33.1,29.4,
Shaw, Travis,543768,2017,.273,.513,.251,.439,.361,.328,.329,.189,88.6,14.9,34.7,7.4,45.3,37.1,37.1,25.7,
Springer III, George,543807,2017,.283,.522,.285,.523,.376,.381,.370,.238,89.2,9.3,31.1,9.3,44.7,33.6,39.7,26.8,
Strange-Gordon, Dee,543829,2017,.308,.375,.248,.301,.312,.261,.286,.053,81.6,2.3,27.7,0.2,54.2,21.9,46.3,31.8,
Gregorius, Didi,544369,2017,.287,.478,.257,.378,.335,.289,.292,.121,84.4,17.9,35,3.6,58.4,36.3,41.2,22.5,
Trout, Mike,545361,2017,.306,.629,.294,.588,.437,.424,.434,.295,88.8,18,36.4,13.3,37.7,37,39.2,23.7,
Herrera, Odubel,546318,2017,.281,.452,.257,.402,.329,.304,.303,.145,87.2,9.7,35.1,6.2,53.3,28.9,39.1,32.1,
Abreu, Jose,547989,2017,.304,.552,.288,.517,.377,.361,.340,.229,90.6,11.1,34.2,9.5,48.2,34.8,37.9,27.3,
Suarez, Eugenio,553993,2017,.260,.461,.261,.439,.356,.353,.369,.179,86.3,14.7,38.8,6.9,42.2,39.5,33.7,26.8,
Santana, Domingo,570267,2017,.278,.505,.265,.458,.372,.354,.360,.193,89.2,10.5,40.6,9.4,46.3,33.4,38.6,28,
Sanchez, Yolmer,570560,2017,.267,.413,.241,.360,.313,.286,.297,.119,84.9,10.4,32.6,3.6,50.3,29.4,41.1,29.4,
Schoop, Jonathan,570731,2017,.293,.503,.270,.440,.355,.329,.320,.170,87.9,12.9,35.1,7,52.4,39.4,40.5,20.1,
Arenado, Nolan,571448,2017,.309,.586,.278,.518,.395,.363,.348,.240,88.8,17.6,37.5,8.5,48.2,33.1,38.5,28.2,
Hamilton, Billy,571740,2017,.247,.335,.232,.281,.278,.255,.286,.049,80.5,10.2,32.5,0.4,46.4,34.2,40.6,25.2,
Joseph, Tommy,571830,2017,.240,.432,.238,.400,.305,.297,.288,.162,89.2,14,30.9,7.3,49.6,39,39,22,
Lamb, Jake,571875,2017,.248,.487,.253,.464,.353,.352,.364,.211,88.3,12.2,34.4,9.3,39.8,39.1,36.5,24.4,
Myers, Wil,571976,2017,.243,.464,.232,.435,.335,.326,.321,.204,89.5,15.4,35,9.1,44.2,38.6,40.6,20.8,
Seager, Kyle,572122,2017,.249,.450,.255,.472,.326,.341,.330,.217,88.3,20.9,35,8.6,42.9,37.8,38.2,24.1,
Carpenter, Matt,572761,2017,.241,.451,.253,.478,.361,.378,.395,.226,89.7,22.6,37.7,8.2,34.6,45.9,31.4,22.7,
Dickerson, Corey,572816,2017,.282,.490,.258,.447,.341,.316,.302,.189,87.2,13.9,35.6,7.5,58.7,30.4,40.6,29,
Dozier, Brian,572821,2017,.271,.498,.242,.465,.362,.340,.334,.223,87.9,16.7,32,8.4,41.7,44.6,38.7,16.7,
Bryant, Kris,592178,2017,.295,.537,.259,.494,.399,.374,.381,.235,87,17,35.1,9.6,45.4,35.6,42.2,22.2,
Castellanos, Nick,592206,2017,.272,.490,.290,.537,.341,.370,.339,.247,89,14.2,42.3,10.5,51.2,34.8,39.4,25.8,
Gamel, Ben,592325,2017,.275,.413,.253,.377,.315,.295,.303,.124,86.3,10.9,33.2,4.1,44.7,33,37.1,29.9,
Healy, Ryon,592387,2017,.271,.451,.246,.429,.320,.304,.281,.183,88.2,12.7,34.9,7.1,47.6,35.6,40.6,23.9,
Judge, Aaron,592450,2017,.284,.627,.286,.659,.430,.447,.426,.373,94.9,15.6,38.2,25.7,41.1,39.1,34,26.9,
Machado, Manny,592518,2017,.259,.471,.284,.520,.328,.364,.337,.237,91.3,13.6,30.3,10.5,49,37.6,38.5,23.9,
Realmuto, J.T.,592663,2017,.278,.451,.277,.441,.332,.332,.332,.164,88.2,10.1,32.6,6.3,48.3,40.1,41,18.9,
Rosario, Eddie,592696,2017,.290,.507,.263,.475,.349,.329,.304,.212,87.2,13.3,32.4,7.4,55.4,32.1,43.5,24.3,
Simmons, Andrelton,592743,2017,.278,.421,.258,.377,.323,.304,.315,.119,86.2,7.8,31.3,2.6,46.3,37.9,40.2,21.7,
Yelich, Christian,592885,2017,.282,.439,.284,.455,.348,.359,.373,.171,90.6,4.7,29.5,7,42.5,27.2,43.9,28.9,
Merrifield, Whit,593160,2017,.288,.460,.271,.447,.332,.323,.310,.176,87.6,16.4,36.7,5.1,50.8,30.8,37.9,31.4,
Bogaerts, Xander,593428,2017,.273,.403,.243,.331,.321,.286,.316,.088,87.3,8.1,26.7,1.3,41.9,31.5,43.3,24.9,
Polanco, Jorge,593871,2017,.256,.410,.237,.358,.309,.288,.298,.121,85,16.3,31.4,2.6,43.9,39.7,37.4,22.9,
Calhoun, Kole,594777,2017,.244,.392,.248,.410,.315,.326,.338,.162,88.3,12.3,34.7,5.7,47.9,41,35.6,23.4,
Duvall, Adam,594807,2017,.249,.480,.225,.417,.327,.300,.282,.193,87.3,21.1,34.6,8.9,48.1,42.8,31.8,25.5,
Schebler, Scott,594988,2017,.233,.484,.256,.494,.330,.348,.329,.238,89.1,11.7,30.3,10.2,52.7,39.7,39.1,21.2,
Baez, Javier,595879,2017,.273,.480,.238,.425,.326,.293,.285,.188,87.9,10.1,28.2,8.4,56.5,35.4,42.3,21.9,
Lindor, Francisco,596019,2017,.273,.505,.276,.492,.353,.352,.341,.216,89,14.6,32.2,7.1,47.4,36.6,36.7,26.7,
Odor, Rougned,596059,2017,.204,.397,.228,.401,.272,.287,.275,.173,89.1,15.9,27.2,6,52.9,45.7,35.6,18.7,
Story, Trevor,596115,2017,.239,.457,.215,.404,.323,.296,.287,.189,89.4,19.2,37.1,10.5,48.2,33.9,41.5,24.3,
Sanchez, Gary,596142,2017,.278,.531,.283,.534,.368,.376,.351,.251,90.8,13.3,33,11.5,47.9,44.5,40.3,15.2,
Kepler, Max,596146,2017,.243,.425,.243,.372,.315,.300,.314,.129,88.7,13.2,31.9,4,43.3,39.7,35.4,24.9,
Franco, Maikel,596748,2017,.230,.409,.245,.394,.292,.301,.298,.150,88.9,11.4,26.4,5.8,50.3,40,37.3,22.5,
Bradley Jr., Jackie,598265,2017,.245,.402,.244,.418,.313,.323,.325,.174,88.3,9.5,30.6,7.8,47.1,32.2,43.6,24.2,
Bell, Josh,605137,2017,.255,.466,.258,.425,.338,.329,.337,.167,87.6,8.6,28.9,6.4,43.6,36.5,34.4,29.1,
Betts, Mookie,605141,2017,.264,.459,.270,.429,.339,.336,.352,.159,88.4,14.3,31.9,4.5,35.9,38.3,41.9,19.9,
Panik, Joe,605412,2017,.288,.421,.254,.372,.329,.305,.322,.117,85,11.4,32.9,2.6,43.3,34.2,37.8,28,
Arcia, Orlando,606115,2017,.277,.407,.243,.352,.309,.278,.295,.109,85.7,6.8,28.7,3.9,54.2,28.2,46.2,25.3,
Peraza, Jose,606299,2017,.259,.324,.278,.359,.273,.296,.316,.081,82.7,11.2,32.5,1.7,51.7,29.5,42.8,27.8,
Pillar, Kevin,607680,2017,.256,.404,.267,.396,.302,.308,.311,.130,86,12.8,32.9,3.4,52.2,37.1,38,24.5,
Ramirez, Jose,608070,2017,.318,.583,.299,.483,.396,.357,.357,.183,88.2,15,35.5,5,43.3,42.8,34.9,22.3,
Bregman, Alex,608324,2017,.284,.475,.276,.440,.351,.339,.346,.164,87.6,16.4,34.5,4.7,44.7,39.8,38.8,21.4,
Gallo, Joey,608336,2017,.209,.537,.224,.558,.364,.378,.345,.334,93.3,22.9,36.4,22.1,47.1,50.2,29.2,20.2,
Seager, Corey,608369,2017,.295,.479,.300,.521,.364,.383,.381,.221,89.7,11.1,40.4,8.5,50.1,31.9,39.4,28.7,
Mazara, Nomar,608577,2017,.253,.422,.247,.422,.317,.317,.318,.175,89,11.3,30.5,6.5,46.1,30.7,43,25.8,
Swanson, Dansby,621020,2017,.232,.324,.242,.340,.276,.293,.325,.098,86.9,8.3,31.2,3,44.5,37.6,36.3,26.1,
Taylor, Chris,621035,2017,.288,.496,.267,.446,.361,.338,.335,.179,87,12.1,39.7,8,45.9,33.5,39.1,27.3,
Buxton, Byron,621439,2017,.253,.413,.230,.377,.312,.291,.293,.147,88.1,15,32.3,5.6,49.6,42.9,39.5,17.6,
Margot, Manuel,622534,2017,.263,.409,.252,.360,.309,.293,.306,.108,85.3,10.4,34.5,2.6,45.8,22.5,44.6,32.9,
Puig, Yasiel,624577,2017,.263,.487,.267,.486,.349,.356,.353,.219,88.5,10.4,27.2,9.4,46.4,40.6,35.6,23.8,
Anderson, Tim,641313,2017,.257,.402,.243,.383,.288,.276,.263,.140,85.6,8,31.8,5.1,55.1,37.1,40.7,22.2,
Bellinger, Cody,641355,2017,.267,.581,.253,.534,.380,.362,.341,.282,90.8,17.5,35.3,12.2,44.7,38.9,38.6,22.6,
Mancini III, Trey,641820,2017,.293,.488,.263,.477,.349,.336,.312,.215,88.6,7.1,30.9,10,50.9,31.1,41.7,27.2,
Benintendi, Andrew,643217,2017,.271,.424,.263,.431,.332,.335,.347,.168,87.5,14.7,31.9,5.5,44.1,28.5,43.6,27.9,
Cruz Jr., Nelson,443558,2021,.304,.549,.289,.563,.389,.401,.376,.275,93.3,10.7,31.7,14.5,50.9,37.1,38,24.9,
Peralta, David,444482,2021,.257,.399,.245,.362,.310,.297,.312,.117,89.1,4.2,27.5,5.7,46.2,30.8,42.5,26.7,
Blackmon, Charlie,453568,2021,.254,.351,.288,.436,.324,.360,.381,.149,87.6,7.8,29.6,5.4,45.9,36.3,43.3,20.4,
McCutchen, Andrew,457705,2021,.228,.434,.251,.461,.339,.362,.369,.210,88.3,11.7,35.2,9.5,40.8,45.7,37.1,17.1,
Turner, Justin,457759,2021,.307,.500,.282,.493,.388,.374,.374,.211,91.2,18.3,40.7,8.5,43.3,32.9,38.6,28.5,
Andrus, Elvis,462101,2021,.235,.322,.276,.396,.261,.308,.316,.120,87.9,10.4,37.3,2.4,48.8,25.5,44.3,30.2,
Santana, Carlos,467793,2021,.246,.420,.247,.481,.346,.366,.370,.234,90.6,14.4,28.4,8.6,42.8,42.4,40.1,17.1,
Lowrie, Jed,476704,2021,.263,.423,.274,.510,.332,.365,.346,.235,91.3,15.6,38.2,9.9,44.7,36.5,39.5,24,
Brantley Jr., Michael,488726,2021,.326,.475,.334,.513,.367,.388,.382,.179,90.4,10.5,42.6,6.4,46.5,31.3,41.4,27.3,
Gurriel, Yuli,493329,2021,.313,.472,.274,.392,.364,.332,.352,.118,90.5,12.7,29.7,3.5,43.6,34.3,40.6,25.1,
Escobar, Eduardo,500871,2021,.254,.486,.246,.466,.334,.323,.294,.220,88.4,20.4,35.8,9.7,49.5,46.3,33.1,20.6,
Pham, Tommy,502054,2021,.254,.406,.266,.473,.343,.371,.379,.206,90.6,8.7,36.5,10.4,37.9,29.9,39.8,30.3,
Martinez, J.D.,502110,2021,.295,.550,.287,.544,.391,.383,.362,.258,92.1,17,40.8,11.4,53.1,34.7,38.8,26.5,
Goldschmidt, Paul,502671,2021,.267,.435,.288,.546,.335,.382,.356,.258,93.2,17.3,34.1,11.1,46.1,36.8,41,22.2,
Altuve, Jose,514888,2021,.278,.498,.266,.448,.367,.350,.356,.182,88.5,14.9,31.3,7.5,44.9,49.4,37,13.6,
Hernandez, Cesar,514917,2021,.226,.413,.263,.444,.313,.340,.338,.181,89.1,11.1,35.1,9.2,45.4,32.7,45,22.3,
Castro, Starlin,516770,2021,.282,.372,.273,.415,.310,.325,.328,.143,88.4,9.2,33.9,5.4,46.2,31.5,39.7,28.8,
Freeman, Freddie,518692,2021,.274,.492,.305,.582,.371,.413,.408,.277,92.5,13.4,37.2,12.8,49.7,33.3,45.3,21.3,
LeMahieu, DJ,518934,2021,.270,.367,.292,.419,.320,.352,.373,.127,90.5,3.3,33.3,4.2,41.7,21.8,41.1,37.2,
Rizzo, Anthony,519203,2021,.247,.429,.265,.444,.335,.350,.358,.179,91,13.7,33.3,8.4,47.4,43.6,34.7,21.8,
Stanton, Giancarlo,519317,2021,.270,.484,.260,.481,.366,.362,.358,.220,96.3,8.7,28.3,14.5,44.4,35.3,34.1,30.6,
Perez, Salvador,521692,2021,.276,.506,.275,.549,.340,.358,.301,.275,93,14.8,34.9,14.3,60.6,38.9,35.3,25.8,
Garcia, Avisail,541645,2021,.256,.463,.275,.502,.335,.355,.336,.227,90.6,8.5,36.2,12.1,57,40.6,35.7,23.7,
Aguilar, Jesus,542583,2021,.268,.470,.281,.489,.339,.351,.343,.208,90.7,18.4,37.1,9,46.3,40.4,39.2,20.4,
Crawford, Brandon,543063,2021,.289,.556,.272,.571,.387,.387,.351,.299,89.9,15.3,39.5,15.6,51.2,36.1,41.5,22.4,
Grossman, Robbie,543257,2021,.226,.394,.231,.410,.331,.341,.361,.179,88.6,19.3,41.2,8.3,37.9,43.9,33.3,22.8,
Harrison, Josh,543281,2021,.271,.376,.269,.423,.323,.337,.346,.153,87.1,15.2,41,4.1,54.5,35.1,40.5,24.3,
Hosmer, Eric,543333,2021,.266,.375,.281,.418,.308,.331,.338,.138,90.8,3.9,23.8,4.8,48.8,30.2,40.9,29,
Semien, Marcus,543760,2021,.277,.528,.246,.460,.372,.336,.319,.214,90.3,18.5,35.1,9.9,43.8,44.3,37,18.7,
Vazquez, Christian,543877,2021,.261,.353,.238,.352,.291,.280,.287,.114,87,15.2,34.2,3.2,47.3,29.7,37.8,32.4,
Grichuk, Randal,545341,2021,.259,.460,.253,.447,.320,.313,.284,.193,90.7,14.4,33.7,10.3,54.3,34.9,40.1,25,
Harper, Bryce,547180,2021,.278,.516,.298,.590,.379,.412,.392,.291,91.7,12.5,36.9,16.8,50.1,35.2,38,26.8,
Abreu, Jose,547989,2021,.253,.451,.250,.461,.339,.347,.337,.211,92.4,9.1,28.4,10.5,48.2,33.2,41.5,25.3,
Suarez, Eugenio,553993,2021,.175,.372,.211,.438,.275,.315,.290,.227,87.5,17.6,29.6,13.9,43.3,48.6,31.5,19.9,
Urshela, Gio,570482,2021,.275,.441,.261,.461,.327,.328,.303,.200,89.2,7.3,37.2,9.2,54.1,33.9,37.6,28.4,
Schoop, Jonathan,570731,2021,.277,.466,.257,.440,.337,.322,.305,.183,88.6,10.2,28.7,9.4,51.5,40.8,34.7,24.5,
Arenado, Nolan,571448,2021,.261,.489,.265,.443,.345,.324,.320,.177,88.7,21.4,37.1,6.9,46.9,44,33.3,22.7,
Haniger, Mitch,571745,2021,.257,.487,.265,.496,.340,.349,.320,.231,89.1,13.2,31.1,12.2,47.6,47.6,31.1,21.3,
Hernandez, Enrique,571771,2021,.233,.429,.228,.408,.324,.316,.311,.180,89.6,18.8,31.3,7,44.9,45.3,29,25.7,
Muncy, Max,571970,2021,.270,.559,.290,.598,.413,.432,.430,.308,91,14.5,36.2,16.1,34.9,40.2,41.2,18.6,
Myers, Wil,571976,2021,.253,.428,.216,.386,.327,.297,.298,.169,87.3,9.3,30.4,8.3,46.2,36.5,44.2,19.3,
Naquin, Tyler,571980,2021,.242,.440,.249,.456,.323,.332,.317,.207,90.6,10.8,29.3,9.8,55.2,37.5,34.8,27.7,
Seager, Kyle,572122,2021,.213,.411,.226,.460,.298,.321,.294,.233,89.7,20,34.7,12.1,51.2,44.8,30.5,24.7,
Taylor, Michael A.,572191,2021,.240,.352,.232,.376,.295,.289,.287,.144,89.4,11.5,30.2,6.7,52.9,27.4,45.8,26.8,
Yastrzemski, Mike,573262,2021,.234,.469,.225,.438,.345,.331,.327,.213,89.7,17.4,31.4,10.3,43.3,45.9,31.4,22.7,
Contreras, Willson,575929,2021,.236,.419,.234,.421,.335,.337,.343,.187,90.1,8.7,28.6,8.2,44,39,37.4,23.6,
Iglesias, Jose,578428,2021,.275,.394,.276,.384,.306,.303,.308,.108,85.7,9.1,33.5,4.2,55.1,33.9,46,20.1,
Bryant, Kris,592178,2021,.271,.502,.270,.466,.366,.353,.352,.195,87.5,12.8,36.9,10.3,47.3,37.4,41.6,21,
Canha, Mark,592192,2021,.255,.450,.252,.450,.363,.361,.373,.199,89,15.3,40.7,9.8,39.1,40.7,37.3,22.1,
Castellanos, Nick,592206,2021,.331,.585,.309,.545,.409,.383,.364,.235,90.1,13.9,46.3,10.1,55.5,40.9,35.8,23.3,
Judge, Aaron,592450,2021,.282,.526,.327,.639,.386,.441,.414,.312,95.8,10.2,41.7,19.7,43.8,38.6,37.7,23.8,
Machado, Manny,592518,2021,.267,.479,.283,.503,.353,.376,.376,.220,93.5,14.6,35.2,12,44.2,40,36.4,23.6,
Pederson, Joc,592626,2021,.230,.418,.239,.430,.310,.325,.312,.191,91.2,17,28.5,10.2,49.5,33.9,37.6,28.5,
Renfroe, Hunter,592669,2021,.263,.460,.271,.510,.334,.363,.335,.238,90.8,14.4,36.1,12.8,49.3,39.3,33.8,26.9,
Rosario, Eddie,592696,2021,.254,.389,.240,.390,.297,.296,.285,.150,88.6,14.1,33.6,4.6,53.3,34.9,37.3,27.8,
Merrifield, Whit,593160,2021,.267,.397,.258,.390,.315,.306,.313,.132,86.7,13.4,38.4,3.3,48.3,34.9,35.8,29.3,
Bogaerts, Xander,593428,2021,.322,.549,.287,.492,.396,.366,.358,.205,89.1,11.3,37.8,10,45.5,47.5,34.4,18.1,
Polanco, Jorge,593871,2021,.252,.431,.266,.472,.324,.346,.333,.206,89.1,18.5,33.7,8.3,47.1,51.5,31.1,17.4,
Duvall, Adam,594807,2021,.234,.487,.230,.495,.324,.326,.277,.265,91.1,23.4,30.1,15.3,49.8,49.7,32.8,17.5,
Profar, Jurickson,595777,2021,.232,.300,.242,.320,.291,.303,.345,.078,85.3,14.6,29.2,1.5,43.2,33.3,34.9,31.8,
Baez, Javier,595879,2021,.238,.493,.221,.450,.328,.310,.271,.230,90.5,11.2,28.7,14,57.3,39.9,42.7,17.4,
Lindor, Francisco,596019,2021,.226,.377,.247,.423,.310,.338,.345,.176,90.3,12.8,34.6,7.1,45.3,37,37.8,25.2,
Story, Trevor,596115,2021,.246,.438,.254,.468,.328,.341,.329,.214,90.7,17.4,34.1,9.2,49.4,36.4,38.7,24.9,
Franco, Maikel,596748,2021,.221,.376,.242,.376,.278,.289,.285,.134,88.1,9.3,28.6,5.8,49.4,43.6,34.9,21.6,
Bradley Jr., Jackie,598265,2021,.167,.280,.207,.311,.241,.274,.290,.104,90.4,10.9,26,5.1,47.5,37.3,41.8,20.9,
Candelario, Jeimer,600869,2021,.262,.377,.256,.395,.321,.323,.340,.139,88.8,13.6,39,7.2,46.5,38.6,36.8,24.7,
Betts, Mookie,605141,2021,.256,.472,.263,.436,.362,.357,.376,.173,90.2,18.8,33.6,6.8,40.3,42.8,34,23.2,
Tapia, Raimel,606132,2021,.284,.387,.259,.333,.316,.290,.315,.074,86.9,-3.3,20.8,2.1,51.9,27.3,37.7,34.9,
Hernandez, Teoscar,606192,2021,.297,.473,.291,.515,.350,.362,.336,.225,91.3,10.2,37.6,12.9,52.3,40.6,33.2,26.2,
Turner, Trea,607208,2021,.319,.520,.302,.499,.380,.368,.352,.197,89.5,10.7,36.3,7.6,47.3,35.6,37.1,27.3,
Ramirez, Jose,608070,2021,.260,.524,.294,.535,.365,.386,.379,.241,91.3,18.5,34.3,11.2,44.1,57.8,27.9,14.3,
Gallo, Joey,608336,2021,.239,.522,.238,.540,.396,.400,.401,.302,92.4,21.3,33.3,19.6,40.8,42.3,32.7,25,
Winker, Jesse,608385,2021,.301,.539,.298,.542,.395,.392,.379,.244,91,10.9,37.7,11.7,45.1,37,39.3,23.7,
Swanson, Dansby,621020,2021,.245,.457,.255,.482,.320,.339,.315,.227,90.5,13.8,36.8,12.6,49,43.7,34.6,21.6,
Newman, Kevin,621028,2021,.212,.276,.246,.316,.233,.268,.286,.069,85.6,7.2,30.4,1.1,43.3,30.7,43.6,25.7,
Taylor, Chris,621035,2021,.277,.452,.258,.454,.365,.360,.367,.196,88.6,14.5,39,9.8,45.7,40,37.6,22.4,
Correa, Carlos,621043,2021,.288,.510,.287,.467,.384,.369,.385,.180,90.6,13.1,31.4,9.4,40.5,34.3,38.4,27.3,
Olson, Matt,621566,2021,.282,.567,.273,.551,.394,.395,.370,.279,92,17.2,30.7,14.4,46.6,38.9,35.8,25.3,
Margot, Manuel,622534,2021,.253,.405,.268,.409,.302,.314,.314,.141,88,9.4,29.8,5.7,50.9,31.6,45.2,23.2,
Alonso, Pete,624413,2021,.254,.485,.260,.542,.344,.369,.337,.282,92.7,16.3,33.3,15.7,49.8,37.6,36.7,25.7,
Frazier, Adam,624428,2021,.334,.468,.296,.393,.375,.336,.366,.098,85.8,15.1,39.4,1.3,46.4,36.8,31.6,31.6,
Soler, Jorge,624585,2021,.189,.326,.220,.425,.269,.321,.310,.205,91.5,17,25,12.5,46.3,53.3,28.8,17.9,
Cronenworth, Jake,630105,2021,.276,.459,.271,.450,.349,.344,.345,.179,88.7,13.6,34.5,7.6,42.5,31.7,39,29.3,
Meadows, Austin,640457,2021,.240,.474,.232,.438,.346,.334,.330,.206,89.7,22.1,38.9,10.5,46.5,40.2,34.9,24.9,
Anderson, Tim,641313,2021,.309,.424,.271,.417,.335,.316,.311,.145,89.8,3.8,29.1,5.6,59.1,29.1,44.9,26.1,
Crawford, J.P.,641487,2021,.279,.391,.261,.355,.322,.305,.326,.094,86,9.5,36.3,3.3,45.2,28.9,41.4,29.7,
Hampson, Garrett,641658,2021,.249,.410,.224,.377,.308,.283,.275,.153,86.7,13.5,36.4,5.7,44.5,33.5,39.7,26.8,
Mancini III, Trey,641820,2021,.256,.460,.278,.503,.342,.367,.352,.225,88.5,9.9,36.1,12.9,47.3,32.4,38.6,29,
McMahon, Ryan,641857,2021,.255,.477,.257,.480,.335,.340,.321,.223,91.7,15.6,41.7,8.8,49.4,26.9,42.1,31,
Smith, Dominic,642086,2021,.252,.391,.272,.434,.310,.340,.343,.162,88.3,14,42,6.3,50.4,41.1,36.7,22.2,
Rosario, Amed,642708,2021,.259,.367,.271,.377,.296,.308,.318,.106,88.4,6,31.9,2.6,47.4,26.2,42.8,31,
Adames, Willy,642715,2021,.250,.464,.239,.449,.340,.329,.313,.211,89.8,17.3,34.5,12.1,49,41.7,35.9,22.3,
Kiner-Falefa, Isiah,643396,2021,.258,.363,.260,.355,.287,.288,.299,.094,86,2.8,30,2.3,48.6,32.7,38.6,28.7,
Albies, Ozzie,645277,2021,.262,.494,.272,.500,.349,.354,.333,.228,89.4,22.2,40.3,10.3,56.5,44.3,27.8,27.8,
Devers, Rafael,646240,2021,.280,.564,.294,.596,.383,.402,.364,.301,92.5,10.4,35.8,16.3,56.1,35,39.4,25.6,
Urias, Luis,649966,2021,.237,.418,.231,.423,.325,.323,.323,.192,87.5,14.1,33.8,9.4,46.2,41.8,35.7,22.5,
Torres, Gleyber,650402,2021,.240,.308,.247,.394,.289,.321,.332,.148,86.4,13.2,36.2,6,46,35.8,38.5,25.7,
Castro, Willi,650489,2021,.214,.341,.230,.333,.272,.279,.293,.102,85.1,11,32.4,3.2,55.7,29.7,35.1,35.1,
Diaz, Yandy,650490,2021,.248,.331,.235,.343,.323,.321,.362,.108,89.2,4.7,25.6,4.1,40,31.5,40.2,28.3,
Chapman, Matt,656305,2021,.227,.387,.219,.400,.309,.312,.314,.181,89.9,17.2,33.8,11,44.1,33.8,42.4,23.8,
Hoskins, Rhys,656555,2021,.235,.485,.238,.521,.341,.353,.315,.284,90.8,21.3,33.8,14.3,45.3,42.6,31.6,25.7,
Mullins II, Cedric,656775,2021,.314,.541,.275,.453,.392,.349,.347,.178,89.5,15.4,37.5,7.4,46.1,40.5,34.6,24.9,
Schwarber, Kyle,656941,2021,.253,.563,.271,.595,.383,.401,.358,.324,92.2,14.2,37.4,18.4,42,42.5,36.3,21.2,
Smith, Pavin,656976,2021,.265,.409,.271,.446,.314,.335,.325,.175,86.8,8,35.3,6.3,43.1,32.9,40.9,26.2,
Verdugo, Alex,657077,2021,.278,.426,.292,.468,.335,.356,.358,.176,90,6.1,35.1,5.8,44,31.9,40.2,27.9,
Laureano, Ramon,657656,2021,.242,.447,.244,.482,.334,.346,.324,.238,88.6,12.6,35.4,11.6,47.8,41.9,34.3,23.7,
Moncada, Yoan,660162,2021,.272,.390,.267,.430,.357,.367,.397,.162,90,10.8,41.6,8.4,40.4,36.3,37.9,25.8,
Ohtani, Shohei,660271,2021,.279,.698,.294,.713,.435,.448,.380,.419,93.7,17.8,37.3,26,47.5,42.2,31.9,26,
Acuna Jr., Ronald,660670,2021,.283,.601,.294,.614,.415,.431,.408,.320,93.8,18.2,39.6,20.3,42.8,47.9,32.3,19.8,
Riley, Austin,663586,2021,.276,.470,.272,.499,.356,.364,.356,.227,89.5,10.9,33.3,12.2,48.7,33.3,40.5,26.1,
Mountcastle, Ryan,663624,2021,.255,.447,.237,.427,.323,.312,.292,.190,89.2,14.7,38.4,9.5,55.4,40.3,31.8,28,
Tucker, Kyle,663656,2021,.271,.503,.319,.602,.352,.410,.376,.283,92.2,17.1,39.8,11.9,52.2,33.6,45.5,20.9,
India, Jonathan,663697,2021,.275,.407,.248,.403,.359,.347,.375,.155,87.2,10.3,29.7,8.3,40,42.7,34.9,22.4,
Lowe, Nate,663993,2021,.257,.404,.243,.435,.338,.341,.346,.191,91.3,8.1,32.7,10.3,44.2,23.3,39.9,36.8,
France, Ty,664034,2021,.262,.412,.246,.403,.331,.328,.336,.157,87.8,12.4,34.5,8,52.1,39.5,37.4,23.1,
Lowe, Brandon,664040,2021,.206,.455,.227,.499,.335,.352,.333,.272,89.9,15.4,34.3,16.6,51.2,39.2,37,23.8,
Fletcher, David,664058,2021,.309,.381,.275,.321,.314,.277,.303,.046,82.6,7.3,31.4,0,44.3,27.7,37.3,35,
Straw, Myles,664702,2021,.266,.332,.245,.317,.307,.293,.330,.072,86.9,9.3,40.3,1.7,40,26.2,39.1,34.8,
Bohm, Alec,664761,2021,.243,.343,.274,.417,.283,.325,.328,.143,92.5,4.5,34.4,6.9,49.3,26.1,42.7,31.2,
Walsh, Jared,665120,2021,.278,.556,.266,.479,.374,.342,.326,.213,90.3,9,34.8,14.1,49.8,38.3,39.2,22.5,
Tatis Jr., Fernando,665487,2021,.286,.656,.286,.645,.419,.418,.367,.358,93.5,13,34.9,21.7,52.1,44.4,36.5,19,
Guerrero Jr., Vladimir,665489,2021,.332,.658,.318,.625,.453,.438,.420,.307,95.2,8.4,35.7,16.7,44.9,34.5,38.1,27.4,
Soto, Juan,665742,2021,.284,.437,.314,.542,.369,.417,.434,.228,92.6,5,27.9,10.8,36.6,28.4,44.1,27.5,
Lux, Gavin,666158,2021,.231,.358,.255,.398,.297,.322,.335,.143,90,11.1,36.2,5,46.4,38.7,39.2,22.1,
Bichette, Bo,666182,2021,.293,.483,.289,.496,.356,.359,.338,.207,90.7,4.9,33.2,10.5,55.8,29.6,36.5,33.9,
Carlson, Dylan,666185,2021,.257,.392,.242,.395,.323,.320,.331,.153,88.4,13.9,41.1,6.4,42.7,37.3,34.3,28.4,
Garcia, Adolis,666969,2021,.270,.527,.246,.502,.356,.340,.293,.255,91.4,13.5,33.2,15.6,53.6,37,39.3,23.7,
Gurriel Jr., Lourdes,666971,2021,.262,.422,.251,.409,.304,.299,.282,.158,88.5,11.2,31.6,7.6,52.3,29.5,40.9,29.5,
Arozarena, Randy,668227,2021,.252,.403,.213,.352,.321,.290,.301,.139,90.4,8.7,27.1,6.8,44.7,35.3,43.4,21.3,
Reynolds, Bryan,668804,2021,.302,.519,.289,.528,.388,.384,.376,.239,88.7,12.4,35.9,10.6,48.3,37.6,38.8,23.3,
Rojas, Josh,668942,2021,.255,.425,.229,.377,.333,.306,.314,.149,88.4,7.4,39,6.7,41.2,37.6,38.1,24.3,
Murphy, Sean,669221,2021,.222,.427,.234,.465,.323,.341,.325,.231,89.1,16.3,30.3,12.4,47.4,41.6,41,17.4,
Edman, Tommy,669242,2021,.255,.370,.271,.401,.294,.314,.313,.130,86.8,7.8,28.3,3.5,48.8,42,32.5,25.5,
Solak, Nick,669256,2021,.229,.361,.234,.380,.291,.300,.302,.146,88,8.9,32.1,7.6,47.9,33.8,39.7,26.6,
Alvarez, Yordan,670541,2021,.294,.528,.280,.548,.379,.383,.353,.268,92.2,12.3,37.8,14.9,43,29.9,42.3,27.9,
Pujols, Albert,405395,2019,.244,.430,.247,.422,.308,.315,.310,.175,88.3,12.5,26.5,5.8,44.5,45.7,35.7,18.6,
Cabrera, Miguel,408234,2019,.282,.398,.266,.433,.318,.328,.334,.167,90.4,12.3,37.7,6.7,49.6,30,36.9,33.1,
Choo, Shin-Soo,425783,2019,.265,.455,.262,.476,.353,.362,.369,.214,91.9,9.1,32.1,9,42.4,36.1,39.6,24.3,
Jones, Adam,430945,2019,.260,.414,.256,.430,.308,.318,.311,.174,86.1,13.4,31.3,6.7,54.6,39.3,38,22.5,
Cruz Jr., Nelson,443558,2019,.311,.639,.290,.638,.418,.416,.378,.348,93.7,13.1,38.3,19.9,46.2,38.3,36.2,25.5,
Longoria, Evan,446334,2019,.254,.437,.269,.491,.322,.351,.340,.222,89.7,14,35.8,7.5,46.8,37.3,40.5,22.3,
Fowler, Dexter,451594,2019,.238,.409,.247,.417,.326,.336,.354,.170,85.5,13.1,40.6,7.4,42.9,37.1,38.9,24,
Cabrera, Asdrubal,452678,2019,.260,.441,.237,.407,.331,.317,.326,.170,89.1,14.4,37.3,5.7,45.5,46.2,32.2,21.7,
Blackmon, Charlie,453568,2019,.314,.576,.297,.531,.387,.370,.350,.234,88.7,14.6,36.8,8.3,49.9,39.3,35.3,25.4,
Cain, Lorenzo,456715,2019,.260,.372,.283,.408,.302,.330,.346,.125,89.5,6.9,31.1,4.1,44.7,27.4,40.2,32.4,
Turner, Justin,457759,2019,.290,.509,.283,.510,.370,.374,.368,.227,90.3,17.8,38.6,7.8,45.5,34.6,39.4,26,
Votto, Joey,458015,2019,.261,.411,.254,.437,.332,.342,.353,.183,88.9,15.2,40.7,6.9,41.5,35.3,39.5,25.2,
Gardner, Brett,458731,2019,.251,.503,.229,.360,.344,.293,.307,.131,87.7,13.9,28.8,3.9,38.7,44.3,36.3,19.4,
Braun, Ryan,460075,2019,.285,.505,.263,.465,.354,.336,.324,.201,91.5,7.3,33.3,9.5,51.6,36.4,39.8,23.8,
Gordon, Alex,460086,2019,.266,.396,.252,.415,.319,.326,.335,.163,88.7,9.3,33.5,5.4,48.1,36.9,37.8,25.3,
Andrus, Elvis,462101,2019,.275,.393,.269,.397,.300,.309,.313,.128,88.4,7.2,32.5,3.5,46.4,30,43.6,26.5,
Ramos, Wilson,467092,2019,.288,.416,.262,.398,.327,.314,.328,.136,90,-0.2,25.8,4.7,53.9,32.2,43.7,24.1,
Santana, Carlos,467793,2019,.281,.515,.265,.478,.380,.365,.383,.213,91.8,11.7,29.1,9.6,39.5,42,39.2,18.8,
Belt, Brandon,474832,2019,.234,.403,.241,.455,.319,.345,.348,.214,87.3,22.4,41.4,8.7,46.3,40.4,34.2,25.3,
Brantley Jr., Michael,488726,2019,.311,.503,.286,.462,.367,.350,.352,.176,88.8,10.6,36.3,5.5,43.8,39,34.9,26.1,
Gurriel, Yuli,493329,2019,.298,.541,.275,.407,.364,.315,.323,.132,89.3,14.3,33.5,3.6,49.7,41,36.8,22.2,
Rojas, Miguel,500743,2019,.284,.379,.271,.370,.305,.303,.322,.099,87.4,9.1,31.9,2.6,47.1,28.8,41.5,29.7,
Escobar, Eduardo,500871,2019,.269,.511,.254,.464,.341,.326,.310,.209,87.8,18.4,38.6,7,52.6,41.1,38.6,20.3,
Davis, Khris,501981,2019,.220,.387,.225,.426,.289,.311,.299,.201,90.2,13.2,31.2,9.8,51.8,37.4,38.3,24.3,
Pham, Tommy,502054,2019,.273,.450,.274,.460,.349,.357,.370,.186,90.9,5.2,29.7,7.9,38.4,31.7,42.9,25.4,
Martinez, J.D.,502110,2019,.304,.557,.295,.554,.386,.388,.377,.259,91.3,12.5,40.5,11.5,49.5,38.2,35.3,26.5,
Reddick, Josh,502210,2019,.275,.409,.268,.388,.308,.308,.316,.120,86.1,15.8,36,3.4,51.3,36.2,38.2,25.6,
Goldschmidt, Paul,502671,2019,.260,.476,.253,.503,.346,.355,.341,.249,90.2,15.5,36.2,11.3,46.5,37.8,37.6,24.7,
Altuve, Jose,514888,2019,.298,.550,.260,.469,.374,.335,.319,.210,87.4,9.7,28.2,8.1,47.6,41.7,40,18.2,
Hernandez, Cesar,514917,2019,.279,.408,.261,.370,.315,.299,.316,.110,86.1,9.5,31.8,2.7,46,34.5,35.9,29.7,
Segura, Jean,516416,2019,.280,.420,.269,.400,.315,.309,.313,.131,88.2,7.2,31,3.2,47.5,29.2,44.6,26.2,
Castro, Starlin,516770,2019,.270,.436,.265,.432,.307,.311,.299,.166,88.5,11,29.2,6.2,49.2,37.5,40.8,21.7,
Marte, Starling,516782,2019,.295,.503,.289,.494,.353,.353,.338,.205,88.6,8.2,31.3,8,53.7,35.9,40.1,23.9,
Donaldson, Josh,518626,2019,.259,.521,.262,.530,.377,.385,.383,.268,92.9,13.3,33.3,15.7,43.9,39.9,35.1,25,
Freeman, Freddie,518692,2019,.295,.549,.290,.563,.387,.393,.385,.273,89.7,14.4,40,12.3,52.1,37.3,35.4,27.3,
Grandal, Yasmani,518735,2019,.246,.468,.238,.469,.361,.362,.375,.232,90.7,14.2,37.5,11.3,38.5,35.1,42,23,
Heyward, Jason,518792,2019,.251,.429,.253,.392,.328,.320,.345,.139,88.8,11.3,31.8,5.7,45.5,39.4,38.7,21.9,
LeMahieu, DJ,518934,2019,.327,.518,.309,.514,.375,.370,.359,.205,91.9,6.5,35.2,7.5,45.6,25,41.4,33.7,
Moustakas, Mike,519058,2019,.254,.516,.258,.500,.348,.349,.333,.242,89.5,17.4,32.3,10.3,49.9,37.9,33.7,28.3,
Rizzo, Anthony,519203,2019,.293,.520,.295,.485,.390,.386,.409,.190,89,12.6,36.8,6.8,45.7,40.1,36.6,23.3,
Galvis, Freddy,520471,2019,.260,.438,.235,.385,.308,.281,.272,.151,88.8,14.8,31.8,5.8,54.5,38.1,34.9,27,
Garcia, Avisail,541645,2019,.282,.464,.271,.492,.334,.343,.323,.221,89.5,9.8,34.1,11.7,56.4,40.6,36.5,22.9,
Ozuna, Marcell,542303,2019,.241,.472,.280,.528,.336,.374,.362,.248,91.8,13.4,33.3,12.1,44.9,45.2,35.8,19.1,
Villar, Jonathan,542340,2019,.274,.453,.244,.408,.335,.313,.313,.164,88.9,8.2,30.3,6.8,49.8,35,38.1,26.9,
Santana, Danny,542454,2019,.283,.534,.277,.504,.352,.345,.320,.226,91.4,13.5,37.8,9.5,55.8,39.3,35.7,25,
Crawford, Brandon,543063,2019,.228,.350,.236,.393,.281,.304,.312,.156,87.8,8.2,36.7,5.4,51.3,36.7,40.1,23.3,
Hosmer, Eric,543333,2019,.265,.425,.249,.411,.309,.304,.297,.162,90.8,2.1,29.1,7.2,50,29.3,43,27.8,
Kipnis, Jason,543401,2019,.245,.410,.253,.414,.301,.313,.315,.161,88.1,14.1,33.1,5.5,46.3,39.6,36,24.4,
Rendon, Anthony,543685,2019,.319,.598,.310,.590,.413,.414,.407,.280,90.4,19.5,38.7,12,43.1,37.6,38,24.4,
Semien, Marcus,543760,2019,.285,.522,.261,.479,.373,.352,.349,.218,88.9,15.1,33.6,8.5,42.2,40.3,35.6,24.1,
Springer III, George,543807,2019,.292,.591,.276,.564,.400,.391,.371,.288,89.8,10.5,31.6,14.1,44,37.6,38.4,24.1,
Vazquez, Christian,543877,2019,.276,.477,.244,.430,.331,.305,.292,.186,89.4,13.3,37.2,5.9,49.9,33.1,37.7,29.2,
Wong, Kolten,543939,2019,.285,.423,.237,.344,.334,.292,.320,.107,86.2,12.8,28.1,2.2,48,34.5,40.9,24.6,
Garcia, Leury,544725,2019,.279,.378,.242,.351,.294,.272,.275,.109,88.2,6.2,30.3,3.8,54.4,30.8,37.2,32.1,
Grichuk, Randal,545341,2019,.232,.457,.236,.429,.307,.304,.286,.193,89.3,16,31.5,8.5,50.2,43.5,36,20.5,
Trout, Mike,545361,2019,.291,.645,.307,.672,.436,.456,.452,.365,90.9,22.2,44.1,18.9,36.8,41.5,34.7,23.7,
Harper, Bryce,547180,2019,.260,.510,.271,.543,.365,.384,.382,.272,91.9,13.7,37.6,14.8,48.7,36.8,39.8,23.3,
Abreu, Jose,547989,2019,.284,.503,.277,.514,.344,.357,.331,.236,92.1,11,35.2,12.6,49.5,39.6,34.6,25.8,
Suarez, Eugenio,553993,2019,.271,.572,.243,.493,.381,.351,.337,.250,89.3,17.7,38,13.8,44.4,50.3,29.1,20.7,
Santana, Domingo,570267,2019,.253,.441,.245,.468,.326,.336,.323,.223,89,11.3,40.1,12.1,46.8,34.9,39.1,26,
Sanchez, Yolmer,570560,2019,.252,.321,.225,.308,.281,.269,.294,.083,87.1,14.3,31.6,1,48.8,29.8,37,33.2,
Arenado, Nolan,571448,2019,.315,.583,.270,.481,.392,.343,.341,.210,89.4,17.7,34.6,8,51.4,39.2,38.4,22.5,
Muncy, Max,571970,2019,.251,.515,.262,.509,.372,.380,.384,.248,89.8,14.5,38.9,12,40.1,42.1,35.1,22.8,
Voit III, Luke,572228,2019,.263,.464,.247,.496,.360,.365,.364,.249,89.7,12.7,38.9,13.2,47.3,43.1,37.2,19.8,
Walker, Christian,572233,2019,.259,.476,.262,.516,.346,.364,.351,.254,91.1,14.8,34.1,13.1,48.7,36.3,40,23.7,
Iglesias, Jose,578428,2019,.288,.407,.256,.348,.306,.276,.289,.092,84.1,7.1,29.7,2.3,55.5,33.6,42.3,24,
Bryant, Kris,592178,2019,.282,.521,.245,.459,.379,.347,.351,.214,87.6,19.2,35.8,9.3,48.5,43.3,33.5,23.3,
Castellanos, Nick,592206,2019,.289,.525,.276,.534,.357,.360,.326,.258,88.9,13.9,39.8,10.9,54.7,37.9,35.2,26.9,
Machado, Manny,592518,2019,.256,.462,.265,.467,.335,.346,.344,.203,91.2,13,31.2,8,46.7,31.4,41.1,27.5,
Moran, Colin,592567,2019,.277,.429,.257,.432,.315,.311,.305,.175,88.2,12.5,37.1,7.4,53.7,40.2,36.5,23.2,
Pederson, Joc,592626,2019,.249,.538,.246,.473,.362,.343,.336,.227,91.2,15.6,31.4,10.3,46.1,46,35.5,18.5,
Realmuto, J.T.,592663,2019,.275,.493,.273,.468,.340,.341,.331,.195,90.3,14.3,35,8.7,50.7,40.7,34.8,24.6,
Rosario, Eddie,592696,2019,.276,.500,.258,.490,.329,.324,.286,.232,89.2,16.8,33.2,8.5,59.3,44.4,35.5,20.1,
Yelich, Christian,592885,2019,.329,.671,.313,.626,.442,.427,.417,.313,93.3,11.3,33.2,15.8,45.2,35.8,40.6,23.3,
Merrifield, Whit,593160,2019,.302,.463,.274,.421,.340,.318,.323,.147,87,15.5,41.5,4.3,49.3,34.5,37.4,28.1,
Bogaerts, Xander,593428,2019,.309,.555,.267,.469,.390,.351,.349,.202,90.5,13.3,34.7,8.4,41.1,36.5,39.6,23.9,
Alberto, Hanser,593643,2019,.305,.422,.274,.384,.318,.294,.299,.110,84.4,11.9,32.5,2.9,59.1,38.3,37.9,23.8,
Polanco, Jorge,593871,2019,.295,.485,.267,.457,.352,.336,.333,.190,88,19.1,41.6,6.7,44.9,34.7,38.9,26.3,
Calhoun, Kole,594777,2019,.232,.467,.239,.467,.330,.336,.331,.228,89.5,14.9,35.5,11.2,48.2,47.4,33.2,19.4,
Eaton, Adam,594809,2019,.279,.428,.252,.399,.342,.324,.341,.147,88.9,15.3,33.9,3.8,44.6,29.4,39,31.6,
Profar, Jurickson,595777,2019,.218,.410,.241,.412,.301,.317,.322,.171,86.6,13.9,28.9,6.2,45.2,47,31,22,
Baez, Javier,595879,2019,.281,.531,.262,.502,.347,.333,.299,.239,91.1,7.7,36.3,12.7,55.5,31.6,40.6,27.9,
Lindor, Francisco,596019,2019,.284,.518,.272,.461,.349,.332,.326,.189,91,12.3,29.8,7.5,51.4,41.4,36.5,22.1,
Odor, Rougned,596059,2019,.205,.439,.218,.458,.302,.317,.295,.240,91.1,17.9,30.6,13.6,47.9,45.7,35.5,18.8,
Story, Trevor,596115,2019,.294,.554,.262,.471,.380,.344,.335,.210,91,17.4,36.7,8.9,48.1,37.4,34.5,27.8,
Vogelbach, Daniel,596129,2019,.208,.439,.223,.438,.333,.344,.355,.215,88.8,17.1,39,10.5,34,37.5,36.8,25.7,
Kepler, Max,596146,2019,.252,.519,.257,.454,.355,.341,.341,.197,89.7,18.2,30.5,8.9,49.4,50.8,30.1,19.1,
Bradley Jr., Jackie,598265,2019,.225,.421,.224,.411,.314,.314,.317,.187,90.2,9.3,29.9,9.6,48.1,37.2,39.2,23.5,
Nunez, Renato,600524,2019,.244,.460,.252,.470,.323,.334,.319,.218,89.9,19.9,32.1,10.7,49.5,41.8,31.8,26.4,
Ahmed, Nick,605113,2019,.254,.437,.256,.426,.315,.323,.322,.170,87.8,7.6,35.7,6.6,49.5,33.6,41.7,24.8,
Anderson, Brian,605119,2019,.261,.468,.253,.454,.342,.340,.337,.200,89.9,11.1,31.3,8.9,47.5,31.6,39.1,29.3,
Bell, Josh,605137,2019,.277,.569,.282,.557,.378,.383,.373,.275,92.4,13,34.9,12.7,48.1,38.9,35.1,25.7,
Betts, Mookie,605141,2019,.295,.524,.304,.567,.380,.405,.402,.263,91,19.2,38.8,10.3,38.3,39.4,38.2,22.4,
Smith, Mallex,605480,2019,.227,.335,.199,.282,.278,.254,.276,.082,85.2,7.3,29,2.2,48.6,28,41.4,30.6,
Arcia, Orlando,606115,2019,.223,.350,.219,.346,.269,.273,.283,.127,87.9,6.6,26.5,4.3,47.7,31.3,44,24.7,
Marte, Ketel,606466,2019,.329,.592,.300,.525,.405,.375,.363,.225,90,11.5,34.6,9.3,47.8,40.2,38.1,21.6,
Turner, Trea,607208,2019,.298,.497,.280,.456,.356,.339,.338,.176,90.4,9.9,29.8,6.8,46.8,38.5,36.6,24.9,
Pillar, Kevin,607680,2019,.259,.432,.261,.410,.298,.299,.292,.149,86.4,14.1,33.1,4.9,58.9,45.2,32.1,22.7,
Ramirez, Jose,608070,2019,.255,.479,.267,.460,.334,.341,.340,.193,89.2,19.8,32.6,6.3,42.5,48.1,31.2,20.8,
Bregman, Alex,608324,2019,.296,.592,.261,.448,.418,.370,.398,.187,89.3,19.6,35.5,4.8,35.1,42.8,39.2,18,
Seager, Corey,608369,2019,.272,.483,.254,.454,.340,.328,.319,.200,88.8,14.3,35.2,7.3,51.1,33.9,38.2,27.8,
Reyes, Franmil,614177,2019,.249,.512,.262,.538,.338,.362,.326,.276,93.3,9.5,33.3,14.8,51.5,32.2,42.9,24.9,
Swanson, Dansby,621020,2019,.251,.422,.271,.477,.317,.350,.345,.206,89.9,14.4,36.7,10.1,45.9,37.8,36.4,25.8,
Newman, Kevin,621028,2019,.308,.446,.271,.370,.339,.300,.318,.100,85.3,8.5,33.4,2.1,51,32.3,39.9,27.9,
Olson, Matt,621566,2019,.267,.545,.273,.568,.368,.381,.356,.295,92.7,19.2,36.1,14.5,45.4,49.7,32.1,18.2,
Alonso, Pete,624413,2019,.260,.583,.253,.544,.384,.376,.354,.291,90.7,14.8,36.7,15.8,46.6,42.4,38.6,18.9,
Conforto, Michael,624424,2019,.257,.494,.261,.500,.358,.368,.369,.239,89.2,15.9,35.6,11.6,45.8,40.7,33.3,25.9,
Frazier, Adam,624428,2019,.278,.417,.271,.397,.320,.314,.330,.126,87.1,13.1,36.4,1.9,48.1,36.6,34.1,29.3,
Puig, Yasiel,624577,2019,.267,.458,.250,.441,.330,.322,.313,.191,90,13.8,30,9.2,52.6,32.6,38.7,28.6,
Soler, Jorge,624585,2019,.265,.569,.274,.590,.378,.393,.362,.316,92.6,15.5,34.2,16.6,44.1,46.7,31.1,22.2,
Meadows, Austin,640457,2019,.291,.558,.282,.546,.380,.375,.356,.265,90.4,16.7,38.1,12.5,42.2,41.1,38.6,20.3,
Anderson, Tim,641313,2019,.335,.508,.287,.456,.363,.325,.311,.169,88.3,8.7,37.6,5.1,58.6,29.2,41.4,29.4,
Bellinger, Cody,641355,2019,.305,.629,.317,.634,.414,.428,.419,.316,91.2,17.8,39.8,13,44.6,47,30.3,22.6,
Dozier, Hunter,641531,2019,.279,.522,.255,.463,.360,.335,.327,.207,91,16.9,35.3,10,44.7,39.2,35.8,25,
Mancini III, Trey,641820,2019,.291,.535,.277,.503,.373,.362,.353,.226,90.3,7.8,36.4,10.3,48.1,31.7,41.8,26.5,
McMahon, Ryan,641857,2019,.250,.450,.242,.430,.330,.325,.323,.187,91.9,8.8,36.6,9,49.6,31.7,40.4,28,
Rosario, Amed,642708,2019,.287,.432,.280,.412,.318,.313,.317,.132,89.3,8.8,34.8,4.2,52,26.2,47.1,26.8,
Adames, Willy,642715,2019,.254,.418,.248,.434,.313,.318,.311,.186,88.5,10.8,36.1,8.4,47,33.5,40.3,26.2,
Benintendi, Andrew,643217,2019,.266,.431,.260,.452,.330,.337,.338,.192,89.1,17.2,39.9,8.1,51.4,34.5,39.4,26.2,
McNeil, Jeff,643446,2019,.318,.531,.279,.458,.384,.346,.350,.178,88.9,13.8,33.7,4.8,60.1,44.5,32.1,23.4,
Albies, Ozzie,645277,2019,.295,.500,.285,.485,.354,.348,.343,.200,88.9,15.6,36.8,6.6,55.6,40.6,38.9,20.5,
Robles, Victor,645302,2019,.255,.419,.229,.365,.317,.292,.303,.136,83.3,16.7,34.5,4.8,49.9,41.5,34.1,24.5,
Devers, Rafael,646240,2019,.311,.555,.293,.519,.377,.362,.346,.226,92.5,10.5,33,9,55,36.5,36.7,26.7,
Jimenez, Eloy,650391,2019,.267,.513,.265,.521,.343,.351,.315,.256,91.1,9.4,32.4,12.8,49.9,34.8,41.4,23.8,
Torres, Gleyber,650402,2019,.278,.535,.255,.487,.358,.337,.317,.232,89.1,17.7,38,10.1,51.8,41,34.9,24.1,
Chapman, Matt,656305,2019,.249,.506,.246,.495,.354,.354,.340,.249,92.7,16.7,25.1,12.1,42,39,37.1,23.9,
Hoskins, Rhys,656555,2019,.226,.454,.215,.416,.347,.337,.357,.201,89.7,23.9,30.8,9.7,39.2,46.7,33,20.3,
Schwarber, Kyle,656941,2019,.250,.531,.263,.552,.357,.374,.352,.289,93.5,15.5,35.6,14.5,43.3,40.9,31.1,28,
DeJong, Paul,657557,2019,.233,.444,.231,.432,.322,.323,.318,.201,87,18.3,32.5,8.4,48.8,45.2,35.2,19.5,
Moncada, Yoan,660162,2019,.315,.548,.280,.516,.379,.356,.336,.236,93.1,12.2,40.4,12.2,47.5,36.8,38.2,24.9,
Acuna Jr., Ronald,660670,2019,.280,.518,.279,.574,.369,.390,.365,.294,90.6,14.2,40.5,15,45.5,38.7,33.5,27.8,
Fletcher, David,664058,2019,.290,.384,.288,.366,.318,.315,.348,.078,83.8,9.9,37.5,0.2,36.3,39.7,35.8,24.5,
Guerrero Jr., Vladimir,665489,2019,.272,.433,.256,.436,.329,.330,.326,.179,89.4,6.7,30.9,7.7,46.8,35.7,41.9,22.4,
Soto, Juan,665742,2019,.282,.548,.285,.574,.394,.408,.404,.290,92,12.5,36.3,12.3,40.8,35.6,38,26.4,
Reynolds, Bryan,668804,2019,.314,.503,.290,.470,.371,.355,.358,.179,89.5,9.4,37,6.7,48,37,36.5,26.5,